Cluster,quarter,rCSI
Abs,2023Q4,28.16
Abs,2024Q1,28.17808219178082
Abs,2024Q2,24.87878787878788
Abs,2024Q3,22.693877551020407
Abs,2024Q4,24.07547169811321
Abs,2025Q1,23.068627450980397
Abs,2025Q2,23.1875
Abs,2025Q3,20.541666666666668
Abs,2025Q4,22.29032258064516
Abyan-Cluster3,2023Q4,16.392156862745097
Abyan-Cluster3,2024Q1,20.327868852459016
Abyan-Cluster3,2024Q2,19.87368421052632
Abyan-Cluster3,2024Q3,16.252747252747252
Abyan-Cluster3,2024Q4,19.294736842105262
Abyan-Cluster3,2025Q1,16.45360824742268
Abyan-Cluster3,2025Q2,13.741935483870968
Abyan-Cluster3,2025Q3,16.489583333333332
Ad Dahi,2023Q4,18.870967741935484
Ad Dahi,2024Q1,17.545454545454547
Ad Dali',2024Q2,17.442622950819672
Ad Dali',2024Q3,17.04123711340206
Ad Dali',2024Q4,19.410714285714285
Ad Dali',2025Q1,16.978494623655912
Ad Dali',2025Q2,12.68627450980392
Ad Dali',2025Q3,15.70754716981132
Ad Dali',2025Q4,18.010416666666668
Ad Dhale'e,2023Q4,17.453488372093023
Ad Dhale'e,2024Q1,16.752808988764045
Ad Dis,2025Q4,12.195652173913045
Ad Dohi,2024Q2,19.90322580645161
Ad Dohi,2024Q3,21.404040404040405
Ad Dohi,2024Q4,20.22448979591837
Ad Dohi,2025Q1,19.16981132075472
Ad Dohi,2025Q2,14.916666666666666
Ad Dohi,2025Q3,15.627659574468083
Ad Dohi,2025Q4,16.133333333333333
Ad Dulay'ah,2024Q2,16.51851851851852
Ad Dulay'ah,2024Q3,15.623376623376624
Ad Dulay'ah,2024Q4,17.44047619047619
Ad Dulay'ah,2025Q1,18.43617021276596
Ad Dulay'ah,2025Q2,11.96774193548387
Ad Dulay'ah,2025Q3,17.033333333333335
Ad Dulay'ah,2025Q4,13.87912087912088
Ad Durayhimi,2023Q4,23.057142857142857
Ad Durayhimi,2024Q1,19.3
Ad Durayhimi,2024Q2,18.376344086021504
Ad Durayhimi,2024Q3,18.08080808080808
Ad Durayhimi,2024Q4,21.282828282828284
Ad Durayhimi,2025Q1,20.49532710280374
Ad Durayhimi,2025Q2,16.625
Ad Durayhimi,2025Q3,17.21875
Ad Durayhimi,2025Q4,16.180851063829788
Aden-Cluster28,2023Q4,16.37378640776699
Aden-Cluster28,2024Q1,16.941798941798943
Aden-Cluster28,2024Q2,16.873015873015873
Aden-Cluster28,2024Q3,19.823943661971832
Aden-Cluster28,2024Q4,21.47552447552448
Aden-Cluster28,2025Q1,19.02054794520548
Aden-Cluster28,2025Q2,18.56081081081081
Aden-Cluster28,2025Q3,21.30281690140845
Adh Dhahir,2024Q2,21.5
Adh Dhahir,2024Q3,22.016949152542374
Adh Dhahir,2024Q4,20.51578947368421
Adh Dhahir,2025Q1,17.733333333333334
Adh Dhahir,2025Q2,17.84375
Adh Dhahir,2025Q3,18.567010309278352
Adh Dhahir,2025Q4,18.46938775510204
Adh Dhihar,2025Q4,13.333333333333334
Adh Dhlia'ah,2023Q4,39.5
Adh Dhlia'ah,2024Q1,30.0
Aflah Al Yaman,2023Q4,25.047619047619047
Aflah Al Yaman,2024Q1,29.4
Aflah Al Yaman,2024Q2,23.291666666666668
Aflah Al Yaman,2024Q3,25.705128205128204
Aflah Al Yaman,2024Q4,23.628205128205128
Aflah Al Yaman,2025Q1,21.702380952380956
Aflah Al Yaman,2025Q2,24.697916666666668
Aflah Al Yaman,2025Q3,22.34065934065934
Aflah Al Yaman,2025Q4,24.13978494623656
Aflah Ash Sham,2024Q2,25.348837209302324
Aflah Ash Sham,2024Q3,28.127659574468087
Aflah Ash Sham,2024Q4,26.32530120481928
Aflah Ash Sham,2025Q1,22.925
Aflah Ash Sham,2025Q2,23.447916666666668
Aflah Ash Sham,2025Q3,22.45555555555556
Aflah Ash Sham,2025Q4,23.31111111111111
Aflah Ash Shawm,2023Q4,29.666666666666668
Aflah Ash Shawm,2024Q1,36.8
Ahwar,2025Q4,15.350515463917526
Ain,2023Q4,8.916666666666666
Ain,2024Q1,17.636363636363637
Al  Hawtah,2023Q4,24.2
Al  Hawtah,2024Q1,8.333333333333334
Al Abdiyah,2023Q4,23.84536082474227
Al Abdiyah,2024Q1,19.885964912280706
Al Abdiyah,2024Q2,18.728155339805824
Al Abdiyah,2024Q3,18.68807339449541
Al Abdiyah,2024Q4,19.412371134020617
Al Abdiyah,2025Q1,17.347826086956523
Al Abdiyah,2025Q2,14.66304347826087
Al Abdiyah,2025Q3,14.526881720430108
Al Abdiyah,2025Q4,15.68131868131868
Al Abr,2023Q4,24.547619047619047
Al Abr,2024Q1,22.89655172413793
Al Abr,2024Q2,20.628205128205128
Al Abr,2024Q3,17.03174603174603
Al Abr,2024Q4,12.567164179104475
Al Abr,2025Q1,17.06578947368421
Al Abr,2025Q2,16.473684210526315
Al Abr,2025Q3,15.047619047619047
Al Abr,2025Q4,10.2
Al Arsh,2025Q3,25.440860215053764
Al Arsh,2025Q4,19.869565217391305
Al Ashah,2023Q4,24.634146341463413
Al Ashah,2024Q1,25.686274509803923
Al Ashah,2024Q2,24.97938144329897
Al Ashah,2024Q3,20.73684210526316
Al Ashah,2024Q4,21.8659793814433
Al Ashah,2025Q1,22.841463414634145
Al Ashah,2025Q2,18.33684210526316
Al Ashah,2025Q3,20.354166666666668
Al Ashah,2025Q4,18.164835164835164
Al Azariq,2023Q4,20.17948717948718
Al Azariq,2024Q1,19.0
Al Azariq,2024Q2,16.896907216494846
Al Azariq,2024Q3,18.828282828282827
Al Azariq,2024Q4,17.336283185840706
Al Azariq,2025Q1,15.247619047619049
Al Azariq,2025Q2,14.182692307692308
Al Azariq,2025Q3,16.078260869565216
Al Azariq,2025Q4,17.4468085106383
Al Bayda,2025Q4,18.366666666666667
Al Bayda City,2025Q4,20.81318681318681
Al Bayda-Cluster6,2023Q4,24.68421052631579
Al Bayda-Cluster6,2024Q1,21.36231884057971
Al Bayda-Cluster6,2024Q2,23.9247311827957
Al Bayda-Cluster6,2024Q3,23.8953488372093
Al Bayda-Cluster6,2024Q4,19.729411764705883
Al Bayda-Cluster6,2025Q1,19.65116279069768
Al Bayda-Cluster6,2025Q2,18.3936170212766
Al Bayda-Cluster6,2025Q3,16.451612903225808
Al Bayda-Cluster6,2025Q4,18.75
Al Bayda-Cluster7,2023Q4,22.82051282051282
Al Bayda-Cluster7,2024Q1,22.97142857142857
Al Bayda-Cluster7,2024Q2,20.044444444444444
Al Bayda-Cluster7,2024Q3,20.95
Al Bayda-Cluster7,2024Q4,22.11881188118812
Al Bayda-Cluster7,2025Q1,21.262626262626263
Al Bayda-Cluster7,2025Q2,15.56122448979592
Al Bayda-Cluster7,2025Q3,17.855555555555554
Al Bayda-Cluster7,2025Q4,14.150943396226417
Al Bayda-Cluster8,2023Q4,23.385416666666668
Al Bayda-Cluster8,2024Q1,23.31851851851852
Al Bayda-Cluster8,2024Q2,20.918181818181814
Al Bayda-Cluster8,2024Q3,24.989690721649485
Al Bayda-Cluster8,2024Q4,20.76237623762376
Al Bayda-Cluster8,2025Q1,23.33
Al Bayda-Cluster8,2025Q2,20.98958333333333
Al Buraiqeh,2023Q4,18.25
Al Buraiqeh,2024Q1,15.858108108108109
Al Burayqah,2024Q2,17.76865671641791
Al Burayqah,2024Q3,19.98076923076923
Al Burayqah,2024Q4,21.285714285714285
Al Burayqah,2025Q1,18.47058823529412
Al Burayqah,2025Q2,16.510204081632654
Al Burayqah,2025Q3,17.103448275862068
Al Burayqah,2025Q4,16.231404958677686
Al Dhaher,2023Q4,25.5
Al Dhaher,2024Q1,20.25
Al Garrahi,2023Q4,33.21875
Al Garrahi,2024Q1,23.625
Al Ghayl,2025Q4,20.295774647887324
Al Had,2023Q4,14.418367346938776
Al Had,2024Q1,16.934426229508198
Al Had,2024Q2,18.02127659574468
Al Had,2024Q3,16.464646464646464
Al Had,2024Q4,18.64
Al Had,2025Q1,16.8989898989899
Al Had,2025Q2,13.875
Al Had,2025Q3,15.095744680851064
Al Had,2025Q4,14.148936170212766
Al Hada,2025Q3,14.548387096774194
Al Hada,2025Q4,13.833333333333334
Al Hajjaylah,2023Q4,20.19047619047619
Al Hajjaylah,2024Q1,26.625
Al Hali,2023Q4,17.77358490566038
Al Hali,2024Q1,23.272727272727277
Al Hali,2024Q2,16.13978494623656
Al Hali,2024Q3,19.404040404040405
Al Hali,2024Q4,18.264705882352946
Al Hali,2025Q1,17.53
Al Hali,2025Q2,20.783505154639176
Al Hali,2025Q3,19.47959183673469
Al Hali,2025Q4,17.25263157894737
Al Hasayn,2024Q2,16.930232558139537
Al Hasayn,2024Q3,18.30851063829787
Al Hasayn,2024Q4,18.91304347826087
Al Hasayn,2025Q1,17.377777777777776
Al Hasayn,2025Q2,16.43010752688172
Al Hasayn,2025Q3,15.715789473684213
Al Hasayn,2025Q4,19.18478260869565
Al Hashwah,2024Q2,22.193548387096776
Al Hashwah,2024Q3,22.78205128205128
Al Hashwah,2024Q4,23.06382978723404
Al Hashwah,2025Q1,16.82051282051282
Al Hashwah,2025Q2,16.956989247311828
Al Hashwah,2025Q3,17.822222222222223
Al Hashwah,2025Q4,18.291666666666668
Al Hawak,2023Q4,21.96825396825397
Al Hawak,2024Q1,19.316666666666663
Al Hawak,2024Q2,18.940594059405942
Al Hawak,2024Q3,19.63917525773196
Al Hawak,2024Q4,21.633663366336634
Al Hawak,2025Q1,16.979166666666668
Al Hawak,2025Q2,15.744897959183673
Al Hawak,2025Q3,16.947916666666668
Al Hawak,2025Q4,13.702127659574469
Al Hawtah,2024Q2,15.12087912087912
Al Hawtah,2024Q3,20.90322580645161
Al Hawtah,2024Q4,19.956989247311828
Al Hawtah,2025Q1,18.883495145631063
Al Hawtah,2025Q2,17.50537634408602
Al Hawtah,2025Q3,16.443298969072163
Al Hawtah,2025Q4,15.852941176470589
Al Haymah Ad Dakhiliyah,2023Q4,19.948051948051948
Al Haymah Ad Dakhiliyah,2024Q1,20.59756097560976
Al Haymah Ad Dakhiliyah,2024Q2,18.8125
Al Haymah Ad Dakhiliyah,2024Q3,19.28125
Al Haymah Ad Dakhiliyah,2024Q4,18.428571428571427
Al Haymah Ad Dakhiliyah,2025Q1,20.61458333333333
Al Haymah Ad Dakhiliyah,2025Q2,16.333333333333332
Al Haymah Ad Dakhiliyah,2025Q3,18.225806451612904
Al Haymah Ad Dakhiliyah,2025Q4,16.625
Al Haymah Al Kharijiyah,2025Q3,19.571428571428573
Al Haymah Al Kharijiyah,2025Q4,17.555555555555557
Al Hazm,2023Q4,22.160804020100503
Al Hazm,2024Q1,23.11111111111111
Al Hazm,2024Q2,22.36144578313253
Al Hazm,2024Q3,20.926315789473684
Al Hazm,2024Q4,21.37
Al Hazm,2025Q1,22.473684210526315
Al Hazm,2025Q2,18.372340425531917
Al Hazm,2025Q3,18.351063829787236
Al Hazm,2025Q4,20.221052631578942
Al Hissn,2024Q2,20.14018691588785
Al Hissn,2024Q3,20.81
Al Hissn,2024Q4,15.797979797979798
Al Hissn,2025Q1,17.24742268041237
Al Hissn,2025Q2,19.53125
Al Hissn,2025Q3,13.563829787234043
Al Hissn,2025Q4,15.795698924731182
Al Hodeidah-Cluster16,2023Q4,19.5
Al Hodeidah-Cluster16,2024Q2,16.776119402985074
Al Hodeidah-Cluster16,2024Q3,18.98795180722892
Al Hodeidah-Cluster16,2024Q4,17.161290322580644
Al Hodeidah-Cluster16,2025Q1,20.0
Al Hodeidah-Cluster16,2025Q2,17.322222222222223
Al Hodeidah-Cluster16,2025Q3,13.8625
Al Hodeidah-Cluster16,2025Q4,15.757142857142858
Al Hodeidah-Cluster17,2023Q4,20.444444444444443
Al Hodeidah-Cluster17,2024Q1,23.20987654320988
Al Hodeidah-Cluster17,2024Q2,15.53125
Al Hodeidah-Cluster17,2024Q3,21.21978021978022
Al Hodeidah-Cluster17,2024Q4,18.466666666666665
Al Hodeidah-Cluster17,2025Q1,19.33653846153846
Al Hujjaylah,2024Q2,19.40860215053764
Al Hujjaylah,2024Q3,20.466666666666665
Al Hujjaylah,2024Q4,18.539473684210527
Al Hujjaylah,2025Q1,18.41379310344828
Al Hujjaylah,2025Q2,17.708333333333332
Al Hujjaylah,2025Q3,15.597826086956522
Al Hujjaylah,2025Q4,16.16304347826087
Al Humaydat,2023Q4,24.48148148148148
Al Humaydat,2024Q1,28.727272727272727
Al Humaydat,2024Q2,25.144736842105264
Al Humaydat,2024Q3,21.775280898876403
Al Humaydat,2024Q4,21.8
Al Humaydat,2025Q1,21.244444444444444
Al Humaydat,2025Q2,19.697916666666668
Al Humaydat,2025Q3,18.16304347826087
Al Humaydat,2025Q4,20.484848484848484
Al Husha,2023Q4,20.97744360902256
Al Husha,2024Q1,19.741666666666667
Al Husha,2024Q2,18.063157894736843
Al Husha,2024Q3,19.28
Al Husha,2024Q4,18.88888888888889
Al Husha,2025Q1,21.1875
Al Husha,2025Q2,15.1875
Al Husha,2025Q3,16.75
Al Husha,2025Q4,18.377777777777776
Al Husn,2023Q4,22.33333333333333
Al Husn,2024Q1,23.2
Al Hussein,2023Q4,18.65217391304348
Al Hussein,2024Q1,18.071428571428573
Al Ja'fariyyah,2024Q2,19.45263157894737
Al Ja'fariyyah,2024Q3,18.68041237113402
Al Ja'fariyyah,2024Q4,18.02061855670103
Al Ja'fariyyah,2025Q1,13.350515463917526
Al Ja'fariyyah,2025Q2,15.947916666666666
Al Ja'fariyyah,2025Q3,14.8125
Al Ja'fariyyah,2025Q4,15.351648351648352
Al Jabin,2023Q4,21.925925925925927
Al Jabin,2024Q1,21.315068493150687
Al Jabin,2024Q2,23.419753086419757
Al Jabin,2024Q3,19.63917525773196
Al Jabin,2024Q4,16.802083333333332
Al Jabin,2025Q1,20.711340206185568
Al Jabin,2025Q2,18.42708333333333
Al Jabin,2025Q3,18.367346938775512
Al Jabin,2025Q4,15.355555555555556
Al Jafariyah,2023Q4,20.046979865771814
Al Jafariyah,2024Q1,21.02409638554217
Al Jamimah,2023Q4,26.77777777777778
Al Jamimah,2024Q1,24.8
Al Jamimah,2024Q2,23.105263157894736
Al Jamimah,2024Q3,26.17708333333333
Al Jamimah,2024Q4,24.030927835051543
Al Jamimah,2025Q1,20.193548387096776
Al Jamimah,2025Q2,17.885416666666668
Al Jamimah,2025Q3,18.307692307692307
Al Jamimah,2025Q4,15.923076923076923
Al Jarrahi,2024Q2,22.726315789473684
Al Jarrahi,2024Q3,22.83333333333333
Al Jarrahi,2024Q4,24.371134020618555
Al Jarrahi,2025Q1,18.572916666666668
Al Jarrahi,2025Q2,17.989583333333332
Al Jarrahi,2025Q3,16.736842105263158
Al Jarrahi,2025Q4,18.444444444444443
Al Jawf-Cluster14,2023Q4,18.02380952380953
Al Jawf-Cluster14,2024Q1,24.9344262295082
Al Jawf-Cluster14,2024Q2,19.742857142857144
Al Jawf-Cluster14,2024Q3,19.648936170212767
Al Jawf-Cluster14,2024Q4,19.65625
Al Jawf-Cluster14,2025Q1,18.29032258064516
Al Jawf-Cluster14,2025Q2,14.293478260869565
Al Jawf-Cluster14,2025Q3,17.866666666666667
Al Khabt,2023Q4,19.78333333333333
Al Khabt,2024Q1,26.55172413793104
Al Khabt,2024Q2,18.2987012987013
Al Khabt,2024Q3,20.0625
Al Khabt,2024Q4,21.216494845360824
Al Khabt,2025Q1,21.63917525773196
Al Khabt,2025Q2,19.53684210526316
Al Khabt,2025Q3,17.666666666666668
Al Khabt,2025Q4,16.511111111111113
Al Khalaq,2025Q4,17.25531914893617
Al Khawkhah,2023Q4,0.0
Al Khawkhah,2024Q1,23.772727272727277
Al Khukhah,2024Q2,18.87368421052632
Al Khukhah,2024Q3,20.089285714285715
Al Khukhah,2024Q4,17.13978494623656
Al Khukhah,2025Q1,17.288888888888888
Al Khukhah,2025Q2,15.979166666666666
Al Khukhah,2025Q3,14.844444444444443
Al Khukhah,2025Q4,14.922222222222222
Al Ma'afer,2025Q3,19.166666666666668
Al Ma'afer,2025Q4,15.155555555555557
Al Madan,2023Q4,17.636363636363637
Al Madan,2024Q1,15.32
Al Madan,2024Q2,20.632653061224488
Al Madan,2024Q3,21.666666666666668
Al Madan,2024Q4,20.84
Al Madan,2025Q1,18.416666666666668
Al Madan,2025Q2,16.395833333333332
Al Madan,2025Q3,15.813186813186814
Al Madan,2025Q4,17.417582417582416
Al Madaribah Wa Al Aarah,2024Q2,16.696969696969695
Al Madaribah Wa Al Aarah,2024Q3,19.272727272727277
Al Madaribah Wa Al Aarah,2024Q4,18.666666666666668
Al Madaribah Wa Al Aarah,2025Q1,16.488888888888887
Al Madaribah Wa Al Aarah,2025Q2,15.144736842105264
Al Madaribah Wa Al Aarah,2025Q3,19.64444444444445
Al Madaribah Wa Al Aarah,2025Q4,16.032608695652176
Al Madaribah Wa Al Arah,2023Q4,25.125
Al Madaribah Wa Al Arah,2024Q1,17.0
Al Maflahi,2024Q2,13.804878048780488
Al Maflahi,2024Q3,16.226190476190474
Al Maflahi,2024Q4,15.610526315789471
Al Maflahi,2025Q1,17.103092783505154
Al Maflahi,2025Q2,15.041666666666666
Al Maflahi,2025Q3,12.414893617021276
Al Maflahi,2025Q4,17.477777777777778
Al Maflahy,2023Q4,16.5
Al Maflahy,2024Q1,16.0
Al Maghrabah,2023Q4,32.44444444444444
Al Maghrabah,2024Q1,24.47058823529412
Al Maghrabah,2024Q2,24.71951219512195
Al Maghrabah,2024Q3,19.548387096774192
Al Maghrabah,2024Q4,21.744444444444444
Al Maghrabah,2025Q1,21.41414141414141
Al Maghrabah,2025Q2,19.431578947368426
Al Maghrabah,2025Q3,18.463917525773194
Al Maghrabah,2025Q4,17.68888888888889
Al Mahabishah,2023Q4,40.285714285714285
Al Mahabishah,2024Q1,28.454545454545453
Al Mahabishah,2024Q2,24.32710280373832
Al Mahabishah,2024Q3,27.350515463917525
Al Mahabishah,2024Q4,25.0625
Al Mahabishah,2025Q1,25.17708333333333
Al Mahabishah,2025Q2,21.88659793814433
Al Mahabishah,2025Q3,24.072164948453608
Al Mahabishah,2025Q4,21.21875
Al Maharah-Cluster33,2023Q4,22.0
Al Maharah-Cluster33,2024Q1,23.45679012345679
Al Maharah-Cluster33,2024Q2,21.545454545454547
Al Maharah-Cluster33,2024Q3,17.337662337662337
Al Maharah-Cluster33,2024Q4,17.96
Al Maharah-Cluster33,2025Q1,16.31645569620253
Al Maharah-Cluster33,2025Q2,12.6
Al Maharah-Cluster33,2025Q3,14.787234042553193
Al Maharah-Cluster33,2025Q4,13.78021978021978
Al Maharah-Cluster34,2023Q4,18.8005540166205
Al Maharah-Cluster34,2024Q1,15.407738095238097
Al Maharah-Cluster34,2024Q2,19.291666666666668
Al Maharah-Cluster34,2024Q3,18.6340206185567
Al Maharah-Cluster34,2024Q4,17.00595238095238
Al Maharah-Cluster34,2025Q1,15.744897959183673
Al Maharah-Cluster34,2025Q2,13.56989247311828
Al Maharah-Cluster34,2025Q3,12.772972972972973
Al Maharah-Cluster34,2025Q4,12.637931034482758
Al Maharah-Cluster35,2023Q4,22.428571428571427
Al Maharah-Cluster35,2024Q1,19.51515151515152
Al Maharah-Cluster35,2024Q2,16.857142857142858
Al Maharah-Cluster35,2024Q3,16.571428571428573
Al Maharah-Cluster35,2024Q4,14.79591836734694
Al Maharah-Cluster35,2025Q1,16.24778761061947
Al Maharah-Cluster35,2025Q2,12.801587301587302
Al Maharah-Cluster35,2025Q3,14.991379310344827
Al Maharah-Cluster35,2025Q4,11.857142857142858
Al Mahfad,2025Q4,13.285714285714286
Al Mahwait,2023Q4,21.39344262295082
Al Mahwait,2024Q1,19.2
Al Mahwait City,2023Q4,13.666666666666666
Al Mahwait City,2024Q1,22.163265306122447
Al Mahwit,2024Q2,18.674157303370787
Al Mahwit,2024Q3,20.103092783505154
Al Mahwit,2024Q4,18.697916666666668
Al Mahwit,2025Q1,21.884615384615383
Al Mahwit,2025Q2,17.6875
Al Mahwit,2025Q3,18.301075268817204
Al Mahwit,2025Q4,16.076923076923077
Al Mahwit City,2024Q2,20.694117647058825
Al Mahwit City,2024Q3,24.670212765957448
Al Mahwit City,2024Q4,23.47311827956989
Al Mahwit City,2025Q1,20.32258064516129
Al Mahwit City,2025Q2,20.706521739130437
Al Mahwit City,2025Q3,18.35483870967742
Al Mahwit City,2025Q4,19.73333333333333
Al Makha,2025Q4,14.912087912087912
Al Makhadir,2023Q4,21.355555555555554
Al Makhadir,2024Q1,22.65714285714286
Al Makhadir,2024Q2,18.638297872340427
Al Makhadir,2024Q3,20.24
Al Makhadir,2024Q4,20.3495145631068
Al Makhadir,2025Q1,20.357142857142858
Al Makhadir,2025Q2,17.416666666666668
Al Makhadir,2025Q3,19.05263157894737
Al Makhadir,2025Q4,16.439560439560438
Al Malagim,2023Q4,22.692307692307693
Al Malagim,2024Q1,15.88888888888889
Al Malah,2024Q2,16.168316831683168
Al Malah,2024Q3,17.5
Al Malah,2024Q4,17.75
Al Malah,2025Q1,16.177777777777777
Al Malah,2025Q2,15.75
Al Malah,2025Q3,16.39
Al Malah,2025Q4,12.633333333333333
Al Malajim,2024Q2,20.05434782608696
Al Malajim,2024Q3,19.193877551020407
Al Malajim,2024Q4,18.01
Al Malajim,2025Q1,18.65979381443299
Al Malajim,2025Q2,17.311827956989248
Al Malajim,2025Q3,22.195652173913043
Al Malajim,2025Q4,15.144444444444444
Al Manar,2023Q4,25.542857142857144
Al Manar,2024Q1,22.405405405405407
Al Manar,2024Q2,21.59183673469388
Al Manar,2024Q3,22.22448979591837
Al Manar,2024Q4,22.855670103092784
Al Manar,2025Q1,21.50537634408602
Al Manar,2025Q2,20.010416666666668
Al Manar,2025Q3,21.6530612244898
Al Manar,2025Q4,15.402173913043478
Al Mansura,2023Q4,15.142857142857142
Al Mansura,2024Q1,12.48936170212766
Al Mansurah,2024Q2,17.056818181818183
Al Mansurah,2024Q3,19.92105263157895
Al Mansurah,2024Q4,18.112781954887215
Al Mansurah,2025Q1,17.29230769230769
Al Mansurah,2025Q2,18.562962962962963
Al Mansurah,2025Q3,16.294117647058822
Al Mansurah,2025Q4,16.10810810810811
Al Mansuriyah,2023Q4,23.92
Al Mansuriyah,2024Q1,20.0
Al Mansuriyah,2024Q2,20.4
Al Mansuriyah,2024Q3,21.36458333333333
Al Mansuriyah,2024Q4,17.77777777777778
Al Mansuriyah,2025Q1,20.161616161616163
Al Mansuriyah,2025Q2,14.791666666666666
Al Mansuriyah,2025Q3,17.135416666666668
Al Mansuriyah,2025Q4,16.731182795698924
Al Maqatirah,2023Q4,16.848484848484848
Al Maqatirah,2024Q1,15.213197969543147
Al Maqatirah,2024Q2,15.51923076923077
Al Maqatirah,2024Q3,18.51546391752577
Al Maqatirah,2024Q4,17.941747572815533
Al Maqatirah,2025Q1,15.633663366336634
Al Maqatirah,2025Q2,14.927083333333334
Al Maqatirah,2025Q3,14.271739130434783
Al Maqatirah,2025Q4,13.5
Al Marawi'ah,2023Q4,22.20408163265306
Al Marawi'ah,2024Q1,20.761904761904763
Al Marawi'ah,2024Q2,19.51020408163265
Al Marawi'ah,2024Q3,19.50515463917526
Al Marawi'ah,2024Q4,19.336734693877556
Al Marawi'ah,2025Q1,19.656565656565657
Al Marawi'ah,2025Q2,13.979166666666666
Al Marawi'ah,2025Q3,16.422680412371133
Al Marawi'ah,2025Q4,17.351063829787233
Al Mashannah,2025Q4,16.066666666666666
Al Maslub,2023Q4,20.63888888888889
Al Maslub,2024Q1,20.545454545454547
Al Maslub,2024Q2,22.376344086021504
Al Maslub,2024Q3,23.010416666666668
Al Maslub,2024Q4,21.93684210526316
Al Maslub,2025Q1,17.49367088607595
Al Maslub,2025Q2,17.582417582417584
Al Maslub,2025Q3,19.2
Al Maslub,2025Q4,16.119402985074625
Al Matammah,2023Q4,30.272727272727277
Al Matammah,2024Q1,30.75
Al Matammah,2024Q2,21.41584158415841
Al Matammah,2024Q3,23.32967032967033
Al Matammah,2024Q4,23.657894736842103
Al Matammah,2025Q1,23.86904761904762
Al Matammah,2025Q2,20.5625
Al Matammah,2025Q3,21.66315789473684
Al Matammah,2025Q4,18.02173913043478
Al Maton,2023Q4,23.397959183673468
Al Maton,2024Q1,19.55223880597015
Al Mawasit,2023Q4,18.692307692307693
Al Mawasit,2024Q1,18.133333333333333
Al Mawasit,2024Q2,17.04
Al Mawasit,2024Q3,17.188235294117646
Al Mawasit,2024Q4,20.121951219512194
Al Mawasit,2025Q1,19.18888888888889
Al Mawasit,2025Q2,17.739583333333332
Al Mawasit,2025Q3,15.573333333333334
Al Mawasit,2025Q4,15.989010989010987
Al Miftah,2023Q4,20.26315789473684
Al Miftah,2024Q1,24.266666666666666
Al Miftah,2024Q2,22.545454545454547
Al Miftah,2024Q3,23.02083333333333
Al Miftah,2024Q4,22.13
Al Miftah,2025Q1,19.8
Al Miftah,2025Q2,18.760416666666668
Al Miftah,2025Q3,16.466666666666665
Al Miftah,2025Q4,18.511111111111116
Al Mighlaf,2023Q4,28.8
Al Mighlaf,2024Q1,18.7
Al Mighlaf,2024Q2,19.082474226804123
Al Mighlaf,2024Q3,22.099009900990097
Al Mighlaf,2024Q4,20.36082474226804
Al Mighlaf,2025Q1,16.369565217391305
Al Mighlaf,2025Q2,17.789473684210527
Al Mighlaf,2025Q3,17.34065934065934
Al Mighlaf,2025Q4,17.943396226415093
Al Milah,2023Q4,2.0
Al Milah,2024Q1,17.5
Al Mina,2023Q4,28.357142857142858
Al Mina,2024Q1,27.1875
Al Mina,2024Q2,18.05494505494505
Al Mina,2024Q3,22.142857142857142
Al Mina,2024Q4,21.93684210526316
Al Mina,2025Q1,20.444444444444443
Al Mina,2025Q2,16.602150537634408
Al Mina,2025Q3,18.574468085106385
Al Mina,2025Q4,17.733333333333334
Al Misrakh,2023Q4,21.130434782608692
Al Misrakh,2024Q1,22.25
Al Misrakh,2024Q2,18.49462365591398
Al Misrakh,2024Q3,21.927710843373493
Al Misrakh,2024Q4,20.35
Al Misrakh,2025Q1,22.677419354838708
Al Misrakh,2025Q2,19.93548387096774
Al Misrakh,2025Q3,18.02898550724637
Al Misrakh,2025Q4,13.574468085106384
Al Mu'alla,2025Q4,13.074468085106384
Al Mudhaffar,2025Q2,19.072916666666668
Al Mudhaffar,2025Q3,18.232323232323232
Al Mudhaffar,2025Q4,14.778947368421052
Al Mukalla,2023Q4,17.506944444444443
Al Mukalla,2024Q1,18.80701754385965
Al Mukalla,2024Q2,16.112244897959183
Al Mukalla,2024Q3,20.105882352941176
Al Mukalla,2024Q4,16.802083333333332
Al Mukalla,2025Q1,16.09375
Al Mukalla,2025Q2,13.526881720430108
Al Mukalla,2025Q3,14.18918918918919
Al Mukalla,2025Q4,16.122222222222224
Al Mukalla City,2023Q4,36.5
Al Mukalla City,2024Q1,35.0
Al Mukalla City,2024Q2,18.369565217391305
Al Mukalla City,2024Q3,17.41304347826087
Al Mukalla City,2024Q4,13.619565217391305
Al Mukalla City,2025Q1,12.875
Al Mukalla City,2025Q2,15.25
Al Mukalla City,2025Q3,13.494736842105263
Al Mukalla City,2025Q4,11.266666666666667
Al Munirah,2023Q4,25.727272727272727
Al Munirah,2024Q1,19.53846153846154
Al Munirah,2024Q2,22.19191919191919
Al Munirah,2024Q3,19.78125
Al Munirah,2024Q4,22.030927835051543
Al Munirah,2025Q1,20.7979797979798
Al Munirah,2025Q2,17.516129032258064
Al Munirah,2025Q3,18.118279569892472
Al Munirah,2025Q4,17.695652173913043
Al Musaymir,2023Q4,24.83870967741936
Al Musaymir,2024Q1,18.384615384615383
Al Musaymir,2024Q2,17.043010752688172
Al Musaymir,2024Q3,20.08510638297872
Al Musaymir,2024Q4,19.0
Al Musaymir,2025Q1,16.434782608695652
Al Musaymir,2025Q2,18.967741935483872
Al Musaymir,2025Q3,16.91111111111111
Al Musaymir,2025Q4,14.736263736263735
Al Mutun,2024Q2,19.933333333333334
Al Mutun,2024Q3,20.760416666666668
Al Mutun,2024Q4,24.948979591836736
Al Mutun,2025Q1,20.40909090909091
Al Mutun,2025Q2,16.895833333333332
Al Mutun,2025Q3,23.09375
Al Mutun,2025Q4,16.92222222222222
Al Odayn,2024Q2,16.548780487804876
Al Odayn,2024Q3,24.17708333333333
Al Odayn,2024Q4,19.164948453608247
Al Odayn,2025Q1,19.0
Al Odayn,2025Q2,18.02083333333333
Al Odayn,2025Q3,16.736842105263158
Al Odayn,2025Q4,15.076086956521738
Al Qabbaytah,2023Q4,16.926829268292682
Al Qabbaytah,2024Q1,17.164285714285715
Al Qaflah,2023Q4,24.806451612903224
Al Qaflah,2024Q1,24.25
Al Qafr,2023Q4,34.45454545454545
Al Qafr,2024Q1,23.1875
Al Qafr,2024Q2,20.99145299145299
Al Qafr,2024Q3,23.03125
Al Qafr,2024Q4,21.193877551020407
Al Qafr,2025Q1,23.721649484536083
Al Qafr,2025Q2,20.666666666666668
Al Qafr,2025Q3,17.97938144329897
Al Qafr,2025Q4,14.505494505494504
Al Qahirah,2025Q2,18.875
Al Qahirah,2025Q3,16.266666666666666
Al Qahirah,2025Q4,13.92079207920792
Al Qanawis,2023Q4,29.714285714285715
Al Qanawis,2024Q1,29.5
Al Qanawis,2024Q2,22.887755102040817
Al Qanawis,2024Q3,23.849056603773583
Al Qanawis,2024Q4,21.22
Al Qanawis,2025Q1,21.4
Al Qanawis,2025Q2,17.604166666666668
Al Qanawis,2025Q3,19.32608695652174
Al Qanawis,2025Q4,18.9010989010989
Al Qatn,2023Q4,11.4
Al Qatn,2024Q1,3.5
Al Qatn,2024Q2,15.528846153846152
Al Qatn,2024Q3,16.18811881188119
Al Qatn,2024Q4,12.94
Al Qatn,2025Q1,13.147058823529411
Al Qatn,2025Q2,11.27659574468085
Al Qatn,2025Q3,13.395604395604396
Al Qatn,2025Q4,11.604166666666666
Al Qubaytah,2024Q2,17.897849462365592
Al Qubaytah,2024Q3,17.134615384615383
Al Qubaytah,2024Q4,17.1625
Al Qubaytah,2025Q1,16.107843137254903
Al Qubaytah,2025Q2,15.5625
Al Qubaytah,2025Q3,13.54320987654321
Al Qubaytah,2025Q4,14.358695652173912
Al Quraishyah,2023Q4,20.68
Al Quraishyah,2024Q1,24.7
Al Quraishyah,2024Q2,23.524752475247524
Al Quraishyah,2024Q3,20.161290322580644
Al Quraishyah,2024Q4,21.28723404255319
Al Quraishyah,2025Q1,22.50537634408602
Al Quraishyah,2025Q2,17.29032258064516
Al Quraishyah,2025Q3,22.90322580645161
Al Quraishyah,2025Q4,19.087912087912088
Al Udayn,2023Q4,18.565217391304348
Al Udayn,2024Q1,21.53012048192771
Al Wade'a,2023Q4,17.516129032258064
Al Wade'a,2024Q1,18.403846153846157
Al Wadi',2024Q2,18.01086956521739
Al Wadi',2024Q3,15.768292682926829
Al Wadi',2024Q4,18.193181818181817
Al Wadi',2025Q1,17.71
Al Wadi',2025Q2,17.053763440860216
Al Wadi',2025Q3,16.22222222222222
Al Wadi',2025Q4,17.145833333333332
Al Wehdah,2025Q2,17.520833333333332
Al Wehdah,2025Q3,15.695652173913045
Al Wehdah,2025Q4,12.505494505494504
Alluhayah,2024Q2,19.68041237113402
Alluhayah,2024Q3,19.144329896907216
Alluhayah,2024Q4,18.587628865979383
Alluhayah,2025Q1,18.33333333333333
Alluhayah,2025Q2,18.84042553191489
Alluhayah,2025Q3,16.46875
Alluhayah,2025Q4,20.322222222222223
Alluheyah,2023Q4,29.23809523809524
Alluheyah,2024Q1,21.90909090909091
Amd,2025Q4,11.936170212765957
Amran,2023Q4,25.63492063492064
Amran,2024Q1,23.28235294117647
Amran,2024Q2,20.273255813953487
Amran,2024Q3,23.21212121212121
Amran,2024Q4,24.18
Amran,2025Q1,23.36
Amran,2025Q2,19.65625
Amran,2025Q3,17.224489795918366
Amran,2025Q4,21.56382978723404
An Nadirah,2023Q4,17.060606060606062
An Nadirah,2024Q1,21.68888888888889
An Nadirah,2024Q2,18.64383561643836
An Nadirah,2024Q3,18.75
An Nadirah,2024Q4,19.595959595959595
An Nadirah,2025Q1,16.49484536082474
An Nadirah,2025Q2,17.135416666666668
An Nadirah,2025Q3,20.309278350515463
An Nadirah,2025Q4,16.49484536082474
Ans,2024Q2,22.369747899159663
Ans,2024Q3,21.1734693877551
Ans,2024Q4,20.346938775510203
Ans,2025Q1,17.07920792079208
Ans,2025Q2,16.625
Ans,2025Q3,17.815217391304348
Ans,2025Q4,17.22826086956522
Anss,2023Q4,23.53448275862069
Anss,2024Q1,24.24137931034483
Ar Radmah,2023Q4,18.65
Ar Radmah,2024Q1,15.434782608695652
Ar Radmah,2024Q2,18.35576923076923
Ar Radmah,2024Q3,21.257425742574256
Ar Radmah,2024Q4,18.15
Ar Radmah,2025Q1,21.02061855670103
Ar Radmah,2025Q2,15.364583333333334
Ar Radmah,2025Q3,14.83673469387755
Ar Radmah,2025Q4,15.103092783505154
Ar Rawdah,2023Q4,16.756756756756758
Ar Rawdah,2024Q1,16.5
Ar Rawdah,2024Q2,16.40963855421687
Ar Rawdah,2024Q3,15.474358974358974
Ar Rawdah,2024Q4,15.23076923076923
Ar Rawdah,2025Q1,14.395604395604396
Ar Rawdah,2025Q2,13.19277108433735
Ar Rawdah,2025Q3,12.886075949367088
Ar Rawdah,2025Q4,12.054945054945057
Ar Raydah Wa Qusayar,2023Q4,17.745098039215687
Ar Raydah Wa Qusayar,2024Q1,18.89041095890411
Ar Raydah wa Qussay'ar,2024Q2,18.54255319148936
Ar Raydah wa Qussay'ar,2024Q3,17.880434782608695
Ar Raydah wa Qussay'ar,2024Q4,20.844444444444445
Ar Raydah wa Qussay'ar,2025Q1,16.293478260869566
Ar Raydah wa Qussay'ar,2025Q2,14.291666666666666
Ar Raydah wa Qussay'ar,2025Q3,14.551282051282053
Ar Raydah wa Qussay'ar,2025Q4,14.347826086956522
Ar Rujum,2023Q4,21.35
Ar Rujum,2024Q1,23.86
Ar Rujum,2024Q2,17.681159420289855
Ar Rujum,2024Q3,18.275510204081638
Ar Rujum,2024Q4,20.551020408163264
Ar Rujum,2025Q1,18.690721649484537
Ar Rujum,2025Q2,19.2
Ar Rujum,2025Q3,19.947916666666668
Ar Rujum,2025Q4,16.655555555555555
Ar Ryashyyah,2023Q4,27.366197183098592
Ar Ryashyyah,2024Q1,22.686274509803923
Ar Ryashyyah,2024Q2,22.445652173913043
Ar Ryashyyah,2024Q3,21.93877551020408
Ar Ryashyyah,2024Q4,20.60204081632653
Ar Ryashyyah,2025Q1,19.90816326530612
Ar Ryashyyah,2025Q2,17.510416666666668
Ar Ryashyyah,2025Q3,21.231578947368423
Ar Ryashyyah,2025Q4,17.193548387096776
Arhab,2025Q4,16.768421052631577
Arma,2023Q4,21.0
Arma,2024Q1,24.75
Arma'a,2024Q2,20.125
Arma'a,2024Q3,18.7625
Arma'a,2024Q4,16.162790697674417
Arma'a,2025Q1,17.666666666666668
Arma'a,2025Q2,13.426966292134832
Arma'a,2025Q3,16.253164556962027
Arma'a,2025Q4,14.651685393258427
As Sa'id,2024Q2,17.272727272727273
As Sa'id,2024Q3,19.858585858585855
As Sa'id,2024Q4,20.371134020618555
As Sa'id,2025Q1,17.5
As Sa'id,2025Q2,14.34020618556701
As Sa'id,2025Q3,14.9010989010989
As Sa'id,2025Q4,16.211111111111112
As Sab'in,2025Q2,20.83333333333333
As Sab'in,2025Q3,21.96938775510204
As Sab'in,2025Q4,15.905263157894735
As Sabrah,2023Q4,29.272727272727277
As Sabrah,2024Q1,20.0
As Sabrah,2024Q2,20.846846846846848
As Sabrah,2024Q3,20.55555555555556
As Sabrah,2024Q4,20.916666666666668
As Sabrah,2025Q1,18.47422680412371
As Sabrah,2025Q2,18.385416666666668
As Sabrah,2025Q3,21.53684210526316
As Sabrah,2025Q4,18.956521739130437
As Saddah,2023Q4,22.153846153846157
As Saddah,2024Q1,16.88888888888889
As Saddah,2024Q2,15.75
As Saddah,2024Q3,18.166666666666668
As Saddah,2024Q4,21.67
As Saddah,2025Q1,17.71875
As Saddah,2025Q2,17.28125
As Saddah,2025Q3,16.948453608247423
As Saddah,2025Q4,18.46875
As Safiyah,2024Q2,23.043478260869566
As Safiyah,2024Q3,26.387755102040817
As Safiyah,2024Q4,25.072916666666668
As Safiyah,2025Q1,25.51546391752577
As Safiyah,2025Q2,20.635416666666668
As Safiyah,2025Q3,20.263736263736263
As Safiyah,2025Q4,19.21978021978022
As Safra,2023Q4,18.244897959183675
As Safra,2024Q1,25.07547169811321
As Safra,2024Q2,17.846846846846848
As Safra,2024Q3,19.90721649484536
As Safra,2024Q4,15.232323232323232
As Safra,2025Q1,11.371134020618555
As Safra,2025Q2,17.166666666666668
As Safra,2025Q3,15.673469387755102
As Safra,2025Q4,15.461538461538462
As Said,2023Q4,17.57758620689655
As Said,2024Q1,19.176470588235293
As Saiyani,2024Q2,17.08108108108108
As Saiyani,2024Q3,20.20618556701031
As Saiyani,2024Q4,17.11340206185567
As Saiyani,2025Q1,18.42
As Saiyani,2025Q2,13.333333333333334
As Saiyani,2025Q3,12.41237113402062
As Saiyani,2025Q4,15.744444444444444
As Salafiyah,2023Q4,23.39568345323741
As Salafiyah,2024Q1,24.825396825396822
As Salafiyyah,2024Q2,23.666666666666668
As Salafiyyah,2024Q3,23.021978021978025
As Salafiyyah,2024Q4,20.806451612903224
As Salafiyyah,2025Q1,17.806451612903224
As Salafiyyah,2025Q2,18.447916666666668
As Salafiyyah,2025Q3,19.07692307692308
As Salafiyyah,2025Q4,19.53846153846154
As Sawd,2023Q4,36.66666666666666
As Sawd,2024Q1,27.454545454545453
As Sawd,2024Q2,20.24742268041237
As Sawd,2024Q3,22.443298969072163
As Sawd,2024Q4,22.255102040816325
As Sawd,2025Q1,17.42222222222222
As Sawd,2025Q2,18.8125
As Sawd,2025Q3,16.291666666666668
As Sawd,2025Q4,16.22826086956522
As Sayyani,2023Q4,21.666666666666668
As Sayyani,2024Q1,14.928571428571429
As Silw,2023Q4,10.0
As Silw,2024Q1,19.466666666666665
As Silw,2024Q2,18.027522935779817
As Silw,2024Q3,13.576086956521738
As Silw,2024Q4,18.292134831460675
As Silw,2025Q1,16.83695652173913
As Silw,2025Q2,15.34375
As Silw,2025Q3,17.166666666666668
As Silw,2025Q4,12.411111111111111
As Sudah,2023Q4,21.58333333333333
As Sudah,2024Q1,19.33333333333333
As Sudah,2024Q2,21.1875
As Sudah,2024Q3,17.91304347826087
As Sudah,2024Q4,19.84210526315789
As Sudah,2025Q1,18.309278350515463
As Sudah,2025Q2,17.8
As Sudah,2025Q3,19.2375
As Sudah,2025Q4,16.652173913043477
As Sukhnah,2023Q4,20.294117647058822
As Sukhnah,2024Q1,17.0
As Sukhnah,2024Q2,20.301204819277107
As Sukhnah,2024Q3,21.23711340206185
As Sukhnah,2024Q4,21.44859813084112
As Sukhnah,2025Q1,20.18556701030928
As Sukhnah,2025Q2,18.96842105263158
As Sukhnah,2025Q3,16.619565217391305
As Sukhnah,2025Q4,19.09230769230769
Ash Sha'ir,2023Q4,27.464285714285715
Ash Sha'ir,2024Q1,18.0
Ash Sha'ir,2024Q2,18.36842105263158
Ash Sha'ir,2024Q3,18.04040404040404
Ash Sha'ir,2024Q4,20.02803738317757
Ash Sha'ir,2025Q1,15.887755102040815
Ash Sha'ir,2025Q2,15.989583333333334
Ash Sha'ir,2025Q3,13.041237113402062
Ash Sha'ir,2025Q4,14.511111111111113
Ash Shaghadirah,2023Q4,27.90322580645161
Ash Shaghadirah,2024Q1,23.272727272727277
Ash Shahil,2023Q4,25.4
Ash Shahil,2024Q1,26.541666666666668
Ash Shahil,2024Q2,27.178947368421053
Ash Shahil,2024Q3,23.377551020408163
Ash Shahil,2024Q4,23.857142857142858
Ash Shahil,2025Q1,24.91
Ash Shahil,2025Q2,21.479166666666668
Ash Shahil,2025Q3,20.88888888888889
Ash Shahil,2025Q4,19.5
Ash Shamayatayn,2023Q4,16.38095238095238
Ash Shamayatayn,2024Q1,12.892857142857142
Ash Shamayatayn,2024Q2,17.144329896907216
Ash Shamayatayn,2024Q3,19.967391304347824
Ash Shamayatayn,2024Q4,18.827956989247312
Ash Shamayatayn,2025Q1,21.857142857142858
Ash Shamayatayn,2025Q2,18.48958333333333
Ash Shamayatayn,2025Q3,15.311111111111112
Ash Shamayatayn,2025Q4,15.010752688172044
Ash Sharyah,2023Q4,23.54385964912281
Ash Sharyah,2024Q1,21.348837209302324
Ash Sharyah,2024Q2,21.433333333333334
Ash Sharyah,2024Q3,22.726315789473684
Ash Sharyah,2024Q4,22.25287356321839
Ash Sharyah,2025Q1,21.52747252747253
Ash Sharyah,2025Q2,16.536082474226806
Ash Sharyah,2025Q3,19.31111111111111
Ash Sharyah,2025Q4,21.89010989010989
Ash Shaykh Othman,2025Q4,16.32075471698113
Ash Shihr,2025Q4,12.483516483516484
Ash Shu'ayb,2023Q4,9.4
Ash Shu'ayb,2024Q1,15.5
Ash Shu'ayb,2024Q2,19.816326530612244
Ash Shu'ayb,2024Q3,17.68421052631579
Ash Shu'ayb,2024Q4,18.31313131313131
Ash Shu'ayb,2025Q1,16.293478260869566
Ash Shu'ayb,2025Q2,14.78888888888889
Ash Shu'ayb,2025Q3,19.03191489361702
Ash Shu'ayb,2025Q4,17.477777777777778
Ash shaghadirah,2024Q2,24.21590909090909
Ash shaghadirah,2024Q3,22.02020202020202
Ash shaghadirah,2024Q4,19.244897959183675
Ash shaghadirah,2025Q1,14.744897959183673
Ash shaghadirah,2025Q2,17.5625
Ash shaghadirah,2025Q3,20.275510204081638
Ash shaghadirah,2025Q4,19.925531914893615
Aslam,2024Q2,23.20618556701031
Aslam,2024Q3,23.541666666666668
Aslam,2024Q4,22.867346938775512
Aslam,2025Q1,19.81914893617021
Aslam,2025Q2,20.260416666666668
Aslam,2025Q3,18.36082474226804
Aslam,2025Q4,19.444444444444443
Aslem,2023Q4,29.727272727272727
Aslem,2024Q1,24.4
Assafi'yah,2023Q4,22.516129032258064
Assafi'yah,2024Q1,24.803571428571427
At Ta'iziyah,2023Q4,20.16923076923077
At Ta'iziyah,2024Q1,26.137254901960784
At Ta'iziyah,2024Q2,22.02061855670103
At Ta'iziyah,2024Q3,26.61458333333333
At Ta'iziyah,2024Q4,23.46153846153846
At Ta'iziyah,2025Q1,26.47058823529412
At Ta'iziyah,2025Q2,24.166666666666668
At Ta'iziyah,2025Q3,24.63917525773196
At Ta'iziyah,2025Q4,21.4468085106383
At Taffah,2023Q4,18.8
At Taffah,2024Q1,22.31111111111111
At Taffah,2024Q2,20.568627450980397
At Taffah,2024Q3,19.46875
At Taffah,2024Q4,19.02020202020202
At Taffah,2025Q1,18.322916666666668
At Taffah,2025Q2,16.649484536082475
At Taffah,2025Q3,17.40625
At Taffah,2025Q4,13.292134831460674
At Tahrir,2023Q4,25.3
At Tahrir,2024Q1,22.205882352941178
At Tahrir,2024Q2,22.71698113207547
At Tahrir,2024Q3,21.51546391752577
At Tahrir,2024Q4,22.432989690721648
At Tahrir,2025Q1,22.96938775510204
At Tahrir,2025Q2,18.010416666666668
At Tahrir,2025Q3,16.934782608695652
At Tahrir,2025Q4,16.692307692307693
At Talh,2025Q4,15.78888888888889
At Tawahi,2025Q4,17.072164948453608
At Tawilah,2023Q4,17.551020408163264
At Tawilah,2024Q1,18.591549295774648
At Tawilah,2024Q2,18.84536082474227
At Tawilah,2024Q3,18.25
At Tawilah,2024Q4,16.969072164948454
At Tawilah,2025Q1,16.16504854368932
At Tawilah,2025Q2,15.510416666666666
At Tawilah,2025Q3,17.31958762886598
At Tawilah,2025Q4,15.290322580645162
At Tuhayat,2023Q4,10.5
At Tuhayat,2024Q1,23.142857142857142
At Tuhayta,2024Q2,19.97297297297297
At Tuhayta,2024Q3,18.574257425742573
At Tuhayta,2024Q4,19.55555555555556
At Tuhayta,2025Q1,17.88235294117647
At Tuhayta,2025Q2,14.572916666666666
At Tuhayta,2025Q3,16.055555555555557
At Tuhayta,2025Q4,18.48351648351648
At Tyal,2024Q2,22.28125
At Tyal,2024Q3,18.8125
At Tyal,2024Q4,20.646464646464647
At Tyal,2025Q1,20.87628865979381
At Tyal,2025Q2,17.208333333333332
At Tyal,2025Q3,20.31914893617021
At Tyal,2025Q4,15.936170212765957
Ataq,2023Q4,17.788235294117648
Ataq,2024Q1,19.947154471544717
Ataq,2024Q2,19.205357142857142
Ataq,2024Q3,19.4
Ataq,2024Q4,20.12389380530973
Ataq,2025Q1,18.51923076923077
Ataq,2025Q2,17.875
Ataq,2025Q3,16.529411764705884
Ataq,2025Q4,16.666666666666668
Ath Thawrah,2025Q2,18.0
Ath Thawrah,2025Q3,19.8125
Ath Thawrah,2025Q4,20.505494505494507
Attyal,2023Q4,23.5
Attyal,2024Q1,9.0
Ayn,2024Q2,20.11764705882353
Ayn,2024Q3,19.58333333333333
Ayn,2024Q4,16.830985915492956
Ayn,2025Q1,14.268817204301076
Ayn,2025Q2,13.294117647058824
Ayn,2025Q3,13.195652173913045
Ayn,2025Q4,14.41304347826087
Az Zahir,2023Q4,27.108695652173918
Az Zahir,2024Q1,21.57894736842105
Az Zahir,2024Q2,26.26315789473684
Az Zahir,2024Q3,22.875
Az Zahir,2024Q4,25.22680412371134
Az Zahir,2025Q1,21.288888888888888
Az Zahir,2025Q2,19.894736842105264
Az Zahir,2025Q3,20.731182795698924
Az Zahir,2025Q4,17.869565217391305
Az Zaydiah,2024Q2,23.526881720430108
Az Zaydiah,2024Q3,22.604166666666668
Az Zaydiah,2024Q4,24.428571428571427
Az Zaydiah,2025Q1,19.26530612244898
Az Zaydiah,2025Q2,16.375
Az Zaydiah,2025Q3,15.26530612244898
Az Zaydiah,2025Q4,15.376344086021506
Az Zaydiyah,2023Q4,26.6
Az Zaydiyah,2024Q1,27.548387096774192
Az Zuhrah,2023Q4,25.912280701754387
Az Zuhrah,2024Q1,25.121951219512194
Az Zuhrah,2024Q2,25.68041237113402
Az Zuhrah,2024Q3,21.181818181818183
Az Zuhrah,2024Q4,21.87
Az Zuhrah,2025Q1,23.00980392156863
Az Zuhrah,2025Q2,21.229166666666668
Az Zuhrah,2025Q3,21.608247422680414
Az Zuhrah,2025Q4,21.210526315789476
Az'zal,2023Q4,23.25
Az'zal,2024Q1,25.285714285714285
Azaal,2024Q2,20.41176470588235
Azaal,2024Q3,22.927835051546392
Azaal,2024Q4,25.729166666666668
Azaal,2025Q1,23.288659793814432
Azaal,2025Q2,23.36458333333333
Azaal,2025Q3,21.635416666666668
Azaal,2025Q4,18.0
Ba'dan,2023Q4,14.136363636363637
Ba'dan,2024Q1,20.4
Ba'dan,2024Q2,14.470588235294118
Ba'dan,2024Q3,17.770833333333332
Ba'dan,2024Q4,20.06122448979592
Ba'dan,2025Q1,17.475247524752476
Ba'dan,2025Q2,16.0
Ba'dan,2025Q3,15.129032258064516
Ba'dan,2025Q4,11.96808510638298
Bajil,2023Q4,25.12903225806452
Bajil,2024Q1,15.714285714285714
Bajil,2024Q2,19.15686274509804
Bajil,2024Q3,22.377551020408163
Bajil,2024Q4,20.43877551020408
Bajil,2025Q1,15.854166666666666
Bajil,2025Q2,15.755102040816327
Bajil,2025Q3,18.877551020408163
Bajil,2025Q4,19.706521739130437
Bakil Al Mir,2024Q2,27.476190476190474
Bakil Al Mir,2024Q3,21.50980392156863
Bakil Al Mir,2024Q4,20.32075471698113
Bakil Al Mir,2025Q1,20.594594594594597
Bakil Al Mir,2025Q2,18.8125
Bakil Al Mir,2025Q3,18.382978723404257
Bakil Al Mir,2025Q4,19.25
Bani Al Awam,2023Q4,23.666666666666668
Bani Al Awam,2024Q1,21.22222222222222
Bani Al Awam,2024Q2,16.78723404255319
Bani Al Awam,2024Q3,18.82474226804124
Bani Al Awam,2024Q4,17.697916666666668
Bani Al Awam,2025Q1,15.75728155339806
Bani Al Awam,2025Q2,17.802083333333332
Bani Al Awam,2025Q3,16.46875
Bani Al Awam,2025Q4,16.726315789473684
Bani Al Harith,2023Q4,20.58823529411765
Bani Al Harith,2024Q1,22.17977528089888
Bani Al Harith,2024Q2,23.892857142857142
Bani Al Harith,2024Q3,19.34020618556701
Bani Al Harith,2024Q4,23.82474226804124
Bani Al Harith,2025Q1,23.55208333333333
Bani Al Harith,2025Q2,20.23711340206185
Bani Al Harith,2025Q3,22.54
Bani Al Harith,2025Q4,19.147058823529413
Bani Dabyan,2024Q2,20.5
Bani Dabyan,2024Q3,21.1
Bani Dabyan,2024Q4,22.49
Bani Dabyan,2025Q1,20.580645161290324
Bani Dabyan,2025Q2,15.366666666666667
Bani Dabyan,2025Q3,18.24468085106383
Bani Dabyan,2025Q4,18.46875
Bani Dhabyan,2023Q4,16.142857142857142
Bani Dhabyan,2024Q1,21.666666666666668
Bani Hushaysh,2025Q4,16.92222222222222
Bani Matar,2025Q3,17.857142857142858
Bani Matar,2025Q4,15.488888888888887
Bani Qa'is,2023Q4,21.03333333333333
Bani Qa'is,2024Q1,27.11764705882353
Bani Qays,2024Q2,21.063157894736843
Bani Qays,2024Q3,22.5421686746988
Bani Qays,2024Q4,19.47435897435897
Bani Qays,2025Q1,20.846153846153847
Bani Qays,2025Q2,17.708333333333332
Bani Qays,2025Q3,18.4025974025974
Bani Qays,2025Q4,18.73958333333333
Bani Sa'd,2023Q4,23.56896551724138
Bani Sa'd,2024Q1,32.083333333333336
Bani Sa'd,2024Q2,21.883495145631063
Bani Sa'd,2024Q3,22.10204081632653
Bani Sa'd,2024Q4,20.71875
Bani Sa'd,2025Q1,19.73584905660377
Bani Sa'd,2025Q2,19.03125
Bani Sa'd,2025Q3,20.589473684210525
Bani Sa'd,2025Q4,20.153846153846157
Bani Suraim,2023Q4,20.933333333333334
Bani Suraim,2024Q1,19.22222222222222
Bani Surim,2024Q2,17.153061224489797
Bani Surim,2024Q3,17.397849462365592
Bani Surim,2024Q4,18.51546391752577
Bani Surim,2025Q1,13.731182795698924
Bani Surim,2025Q2,13.698924731182796
Bani Surim,2025Q3,16.533333333333335
Bani Surim,2025Q4,14.322222222222225
Baqim,2023Q4,21.181818181818183
Baqim,2024Q1,20.235294117647054
Baqim,2024Q2,20.97826086956522
Baqim,2024Q3,20.595744680851062
Baqim,2024Q4,21.17708333333333
Baqim,2025Q1,15.912087912087912
Baqim,2025Q2,14.666666666666666
Baqim,2025Q3,10.966666666666669
Baqim,2025Q4,26.53191489361702
Barat Al Anan,2024Q2,22.808988764044944
Barat Al Anan,2024Q3,22.40740740740741
Barat Al Anan,2024Q4,17.28421052631579
Barat Al Anan,2025Q1,16.406593406593405
Barat Al Anan,2025Q2,15.8125
Barat Al Anan,2025Q3,15.924731182795698
Barat Al Anan,2025Q4,16.72826086956522
Bart Al Anan,2023Q4,19.63478260869565
Bart Al Anan,2024Q1,22.67961165048544
Bayhan,2023Q4,23.5625
Bayhan,2024Q1,19.38095238095238
Bayhan,2024Q2,16.699029126213592
Bayhan,2024Q3,21.27722772277228
Bayhan,2024Q4,17.3
Bayhan,2025Q1,17.193548387096776
Bayhan,2025Q2,14.666666666666666
Bayhan,2025Q3,11.505154639175258
Bayhan,2025Q4,14.638297872340424
Bayt Al Faqiah,2023Q4,18.83333333333333
Bayt Al Faqiah,2024Q1,16.266666666666666
Bayt Al Faqih,2024Q2,18.742268041237114
Bayt Al Faqih,2024Q3,19.92708333333333
Bayt Al Faqih,2024Q4,17.197916666666668
Bayt Al Faqih,2025Q1,16.755102040816325
Bayt Al Faqih,2025Q2,12.858695652173912
Bayt Al Faqih,2025Q3,16.402173913043477
Bayt Al Faqih,2025Q4,11.873239436619718
Bidbadah,2023Q4,25.44761904761905
Bidbadah,2024Q1,25.80851063829787
Bidbadah,2024Q2,21.306306306306308
Bidbadah,2024Q3,20.14444444444445
Bidbadah,2024Q4,24.64130434782609
Bidbadah,2025Q1,20.315217391304348
Bidbadah,2025Q2,18.26881720430108
Bidbadah,2025Q3,13.56989247311828
Bidbadah,2025Q4,13.717391304347826
Bilad Ar Rus,2025Q4,14.407407407407408
Bilad At Ta'am,2023Q4,18.25
Bilad At Ta'am,2024Q1,16.22222222222222
Bilad Atta'am,2024Q2,23.03603603603604
Bilad Atta'am,2024Q3,17.459183673469386
Bilad Atta'am,2024Q4,16.771084337349397
Bilad Atta'am,2025Q1,17.655172413793103
Bilad Atta'am,2025Q2,17.71875
Bilad Atta'am,2025Q3,17.07894736842105
Bilad Atta'am,2025Q4,15.166666666666666
Brom Mayfa,2023Q4,24.0
Brom Mayfa,2024Q1,0.0
Brum Mayf'ah,2024Q2,16.986666666666668
Brum Mayf'ah,2024Q3,14.931818181818182
Brum Mayf'ah,2024Q4,15.021978021978022
Brum Mayf'ah,2025Q1,15.011111111111113
Brum Mayf'ah,2025Q2,8.554347826086957
Brum Mayf'ah,2025Q3,14.064516129032258
Brum Mayf'ah,2025Q4,13.285714285714286
Bura,2023Q4,24.55555555555556
Bura,2024Q1,18.16
Bura',2024Q2,19.64210526315789
Bura',2024Q3,16.97872340425532
Bura',2024Q4,19.337209302325583
Bura',2025Q1,19.873563218390803
Bura',2025Q2,19.84375
Bura',2025Q3,15.488888888888887
Bura',2025Q4,15.118279569892474
Dahr,2025Q4,14.307692307692308
Damt,2023Q4,19.995744680851065
Damt,2024Q1,20.50202429149797
Damt,2024Q2,20.520408163265305
Damt,2024Q3,17.938144329896907
Damt,2024Q4,21.918367346938776
Damt,2025Q1,20.91919191919192
Damt,2025Q2,18.854166666666668
Damt,2025Q3,20.484536082474225
Damt,2025Q4,16.774193548387096
Dar Sa'd,2024Q2,18.64457831325301
Dar Sa'd,2024Q3,22.28436018957346
Dar Sa'd,2024Q4,21.580459770114945
Dar Sa'd,2025Q1,19.05555555555556
Dar Sa'd,2025Q2,18.404040404040405
Dar Sa'd,2025Q3,17.96551724137931
Dar Sa'd,2025Q4,18.07751937984496
Dar Sad,2023Q4,16.694117647058825
Dar Sad,2024Q1,17.84313725490196
Daw'an,2023Q4,33.333333333333336
Daw'an,2024Q1,24.5
Daw'an,2024Q2,12.666666666666666
Daw'an,2024Q3,13.62295081967213
Daw'an,2024Q4,16.956043956043956
Daw'an,2025Q1,14.655913978494624
Daw'an,2025Q2,10.684782608695652
Daw'an,2025Q3,11.466666666666669
Daw'an,2025Q4,11.191489361702128
Dawran Aness,2023Q4,22.916666666666668
Dawran Aness,2024Q1,22.34375
Dawran Anis,2024Q2,19.112244897959183
Dawran Anis,2024Q3,20.642857142857142
Dawran Anis,2024Q4,18.05050505050505
Dawran Anis,2025Q1,18.282828282828284
Dawran Anis,2025Q2,15.364583333333334
Dawran Anis,2025Q3,19.5979381443299
Dawran Anis,2025Q4,16.71276595744681
Dhamar City,2023Q4,23.258064516129032
Dhamar City,2024Q1,23.610687022900763
Dhamar City,2024Q2,22.952095808383238
Dhamar City,2024Q3,21.65979381443299
Dhamar City,2024Q4,21.3
Dhamar City,2025Q1,23.93
Dhamar City,2025Q2,21.916666666666668
Dhamar City,2025Q3,20.87
Dhamar City,2025Q4,16.895833333333332
Dhamar-Cluster22,2023Q4,18.61904761904762
Dhamar-Cluster22,2024Q1,23.52083333333333
Dhamar-Cluster22,2024Q2,19.04040404040404
Dhamar-Cluster22,2024Q3,21.989690721649485
Dhamar-Cluster22,2024Q4,21.87628865979381
Dhamar-Cluster22,2025Q1,20.816326530612244
Dhamar-Cluster22,2025Q2,20.55208333333333
Dhi As Sufal,2023Q4,22.28125
Dhi As Sufal,2024Q1,26.27777777777778
Dhi As Sufal,2024Q2,22.05952380952381
Dhi As Sufal,2024Q3,22.836734693877556
Dhi As Sufal,2024Q4,19.216494845360824
Dhi As Sufal,2025Q1,21.15463917525773
Dhi As Sufal,2025Q2,12.78125
Dhi As Sufal,2025Q3,19.12121212121212
Dhi As Sufal,2025Q4,14.580645161290322
Dhi Bin,2023Q4,27.727272727272727
Dhi Bin,2024Q1,29.33333333333333
Dhi Na'im,2023Q4,16.1
Dhi Na'im,2024Q1,23.75
Dhi Na'im,2024Q2,19.153153153153152
Dhi Na'im,2024Q3,20.510416666666668
Dhi Na'im,2024Q4,19.375
Dhi Na'im,2025Q1,21.535353535353536
Dhi Na'im,2025Q2,16.260416666666668
Dhi Na'im,2025Q3,16.82608695652174
Dhi Na'im,2025Q4,17.456521739130434
Dhibain,2024Q2,19.670103092783503
Dhibain,2024Q3,18.947916666666668
Dhibain,2024Q4,19.354166666666668
Dhibain,2025Q1,16.40625
Dhibain,2025Q2,18.42708333333333
Dhibain,2025Q3,19.557894736842105
Dhibain,2025Q4,18.79787234042553
Dhubah,2025Q4,14.054945054945057
Dhulaymat Habur,2024Q2,19.75757575757576
Dhulaymat Habur,2024Q3,19.66990291262136
Dhulaymat Habur,2024Q4,18.118279569892472
Dhulaymat Habur,2025Q1,18.10989010989011
Dhulaymat Habur,2025Q2,16.90625
Dhulaymat Habur,2025Q3,16.46875
Dhulaymat Habur,2025Q4,16.322222222222223
Dimnat Khadir,2023Q4,15.857142857142858
Dimnat Khadir,2024Q1,23.84375
Dimnat Khadir,2024Q2,19.861386138613863
Dimnat Khadir,2024Q3,23.272727272727277
Dimnat Khadir,2024Q4,21.103092783505154
Dimnat Khadir,2025Q1,17.77227722772277
Dimnat Khadir,2025Q2,16.84375
Dimnat Khadir,2025Q3,19.65934065934066
Dimnat Khadir,2025Q4,17.902173913043477
Eyal Surayh,2024Q2,18.127659574468087
Eyal Surayh,2024Q3,22.144329896907216
Eyal Surayh,2024Q4,20.436893203883496
Eyal Surayh,2025Q1,20.884615384615383
Eyal Surayh,2025Q2,17.479166666666668
Eyal Surayh,2025Q3,16.451612903225808
Eyal Surayh,2025Q4,14.954545454545457
Far Al Udayn,2023Q4,24.0
Far Al Udayn,2024Q1,45.0
Far' Al Odayn,2024Q2,20.817391304347822
Far' Al Odayn,2024Q3,19.354166666666668
Far' Al Odayn,2024Q4,18.104166666666668
Far' Al Odayn,2025Q1,19.178217821782177
Far' Al Odayn,2025Q2,14.979166666666666
Far' Al Odayn,2025Q3,14.479166666666666
Far' Al Odayn,2025Q4,15.766666666666667
Ghamr,2023Q4,25.810344827586206
Ghamr,2024Q1,23.347826086956523
Ghamr,2024Q2,24.97826086956522
Ghamr,2024Q3,22.827956989247312
Ghamr,2024Q4,19.19191919191919
Ghamr,2025Q1,17.733333333333334
Ghamr,2025Q2,21.979166666666668
Ghamr,2025Q3,16.37
Ghamr,2025Q4,16.022222222222222
Ghayl Ba Wazir,2023Q4,18.0
Ghayl Ba Wazir,2024Q1,21.710526315789476
Ghayl Bawazir,2024Q2,19.150943396226417
Ghayl Bawazir,2024Q3,18.705263157894738
Ghayl Bawazir,2024Q4,17.615384615384617
Ghayl Bawazir,2025Q1,15.147368421052631
Ghayl Bawazir,2025Q2,16.329896907216494
Ghayl Bawazir,2025Q3,16.397435897435898
Ghayl Bawazir,2025Q4,12.71111111111111
Ghayl Bin Yamin,2023Q4,13.333333333333334
Ghayl Bin Yamin,2024Q1,13.333333333333334
Ghayl bin Yamin,2024Q2,14.458823529411765
Ghayl bin Yamin,2024Q3,16.75
Ghayl bin Yamin,2024Q4,16.877777777777776
Ghayl bin Yamin,2025Q1,14.956043956043956
Ghayl bin Yamin,2025Q2,13.377777777777778
Ghayl bin Yamin,2025Q3,12.844444444444443
Ghayl bin Yamin,2025Q4,11.2
Habban,2023Q4,20.13793103448276
Habban,2024Q1,16.423076923076923
Habban,2024Q2,19.34020618556701
Habban,2024Q3,16.119565217391305
Habban,2024Q4,17.755555555555556
Habban,2025Q1,17.72222222222222
Habban,2025Q2,16.5
Habban,2025Q3,13.063291139240508
Habban,2025Q4,16.122222222222224
Habil Jabr,2023Q4,17.0
Habil Jabr,2024Q1,25.666666666666668
Habil Jabr,2024Q2,21.15841584158416
Habil Jabr,2024Q3,18.12903225806452
Habil Jabr,2024Q4,19.35211267605634
Habil Jabr,2025Q1,19.02127659574468
Habil Jabr,2025Q2,16.1875
Habil Jabr,2025Q3,19.0875
Habil Jabr,2025Q4,15.7
Habur Zulaymah,2023Q4,20.4
Habur Zulaymah,2024Q1,21.875
Hadramawt-Cluster18,2023Q4,8.0
Hadramawt-Cluster18,2024Q1,2.5
Hadramawt-Cluster18,2024Q2,16.697674418604652
Hadramawt-Cluster18,2024Q3,18.76388888888889
Hadramawt-Cluster18,2024Q4,17.40963855421687
Hadramawt-Cluster18,2025Q1,16.987654320987655
Hadramawt-Cluster18,2025Q2,14.03125
Hadramawt-Cluster18,2025Q3,13.8875
Hadramawt-Cluster18,2025Q4,13.505376344086022
Hadramawt-Cluster19,2023Q4,10.26086956521739
Hadramawt-Cluster19,2024Q1,16.4375
Hadramawt-Cluster19,2024Q2,16.77319587628866
Hadramawt-Cluster19,2024Q3,13.911764705882351
Hadramawt-Cluster19,2024Q4,14.376344086021506
Hadramawt-Cluster19,2025Q1,12.18
Hadramawt-Cluster19,2025Q2,15.13978494623656
Hadramawt-Cluster19,2025Q3,12.40625
Hadramawt-Cluster19,2025Q4,9.927083333333334
Hadramawt-Cluster20,2023Q4,15.51851851851852
Hadramawt-Cluster20,2024Q1,20.83870967741936
Hadramawt-Cluster20,2024Q2,18.73958333333333
Hadramawt-Cluster20,2024Q3,14.68421052631579
Hadramawt-Cluster20,2024Q4,18.153846153846157
Hadramawt-Cluster20,2025Q1,16.83495145631068
Hadramawt-Cluster20,2025Q2,14.791666666666666
Hadramawt-Cluster20,2025Q3,17.741935483870968
Hadramawt-Cluster21,2023Q4,19.5
Hadramawt-Cluster21,2024Q1,18.2
Hadramawt-Cluster21,2024Q2,14.54255319148936
Hadramawt-Cluster21,2024Q3,14.0
Hadramawt-Cluster21,2024Q4,14.661971830985916
Hadramawt-Cluster21,2025Q1,14.182795698924732
Hadramawt-Cluster21,2025Q2,9.214285714285714
Hadramawt-Cluster21,2025Q3,13.076923076923077
Hajar,2024Q2,16.263157894736842
Hajar,2024Q3,17.90566037735849
Hajar,2024Q4,19.43103448275862
Hajar,2025Q1,13.233333333333333
Hajar,2025Q2,16.355555555555554
Hajar,2025Q3,13.69620253164557
Hajar,2025Q4,11.66304347826087
Hajjah,2023Q4,21.88135593220339
Hajjah,2024Q1,26.0625
Hajjah,2024Q2,25.9438202247191
Hajjah,2024Q3,23.103092783505154
Hajjah,2024Q4,23.112244897959183
Hajjah,2025Q1,18.95876288659794
Hajjah,2025Q2,19.48958333333333
Hajjah,2025Q3,20.397959183673468
Hajjah,2025Q4,21.357894736842105
Hajjah City,2023Q4,21.261904761904763
Hajjah City,2024Q1,21.714285714285715
Hajjah City,2024Q2,23.542857142857144
Hajjah City,2024Q3,23.5625
Hajjah City,2024Q4,21.99009900990099
Hajjah City,2025Q1,18.428571428571427
Hajjah City,2025Q2,19.447916666666668
Hajjah City,2025Q3,17.632653061224488
Hajjah City,2025Q4,18.58888888888889
Hajjah-Cluster15,2023Q4,23.0
Hajjah-Cluster15,2024Q1,26.0
Hajjah-Cluster15,2024Q2,20.526315789473685
Hajjah-Cluster15,2024Q3,21.318181818181817
Hajjah-Cluster15,2024Q4,21.826666666666668
Hajjah-Cluster15,2025Q1,20.115942028985508
Hajjah-Cluster15,2025Q2,17.814814814814813
Hajjah-Cluster15,2025Q3,14.696969696969695
Hajjah-Cluster15,2025Q4,17.07936507936508
Hajr,2023Q4,15.5
Hajr,2024Q1,19.5
Halimayn,2023Q4,20.0
Halimayn,2024Q1,17.244444444444444
Halmin,2024Q2,21.32631578947369
Halmin,2024Q3,20.547619047619047
Halmin,2024Q4,20.07246376811594
Halmin,2025Q1,17.613636363636363
Halmin,2025Q2,16.655913978494624
Halmin,2025Q3,13.733333333333333
Halmin,2025Q4,17.904255319148938
Hamdan,2025Q4,18.866666666666667
Harf Sufyan,2023Q4,23.085714285714285
Harf Sufyan,2024Q1,21.166666666666668
Harf Sufyan,2024Q2,20.87628865979381
Harf Sufyan,2024Q3,21.291666666666668
Harf Sufyan,2024Q4,19.9375
Harf Sufyan,2025Q1,19.90721649484536
Harf Sufyan,2025Q2,18.90625
Harf Sufyan,2025Q3,18.64210526315789
Harf Sufyan,2025Q4,16.64835164835165
Harib,2023Q4,16.473684210526315
Harib,2024Q1,20.181818181818183
Harib,2024Q2,14.829787234042554
Harib,2024Q3,18.21935483870968
Harib,2024Q4,16.51764705882353
Harib,2025Q1,14.717391304347826
Harib,2025Q2,14.913461538461538
Harib,2025Q3,11.77777777777778
Harib,2025Q4,13.3
Haridah,2024Q2,16.158730158730158
Haridah,2024Q3,13.089285714285714
Haridah,2024Q4,12.913793103448276
Haridah,2025Q1,13.092105263157896
Haridah,2025Q2,10.946236559139784
Haridah,2025Q3,9.944444444444445
Haridah,2025Q4,12.663157894736845
Hatib,2023Q4,18.5
Hatib,2024Q1,12.125
Hatib,2024Q2,16.705882352941178
Hatib,2024Q3,18.725
Hatib,2024Q4,18.686567164179102
Hatib,2025Q1,20.75
Hatib,2025Q2,15.112359550561798
Hatib,2025Q3,15.41095890410959
Hatib,2025Q4,13.655555555555557
Haydan,2023Q4,21.52173913043478
Haydan,2024Q1,26.166666666666668
Haydan,2024Q2,23.855670103092784
Haydan,2024Q3,23.846938775510203
Haydan,2024Q4,21.980198019801986
Haydan,2025Q1,12.23157894736842
Haydan,2025Q2,15.875
Haydan,2025Q3,19.767676767676768
Haydan,2025Q4,19.26595744680851
Hayfan,2023Q4,27.35
Hayfan,2024Q1,16.333333333333332
Hayfan,2024Q2,20.210526315789476
Hayfan,2024Q3,19.043478260869566
Hayfan,2024Q4,17.785714285714285
Hayfan,2025Q1,18.594059405940595
Hayfan,2025Q2,15.364583333333334
Hayfan,2025Q3,14.225806451612904
Hayfan,2025Q4,15.666666666666666
Hays,2025Q2,12.791666666666666
Hays,2025Q3,14.552083333333334
Hays,2025Q4,14.255555555555556
Hazm Al Odayn,2024Q2,18.26363636363636
Hazm Al Odayn,2024Q3,19.09183673469388
Hazm Al Odayn,2024Q4,23.47
Hazm Al Odayn,2025Q1,18.90625
Hazm Al Odayn,2025Q2,18.61458333333333
Hazm Al Odayn,2025Q3,18.163265306122447
Hazm Al Odayn,2025Q4,15.064516129032258
Hazm Al Udayn,2023Q4,20.28
Hazm Al Udayn,2024Q1,20.11111111111111
Hobeish,2024Q2,18.376146788990827
Hobeish,2024Q3,19.4375
Hobeish,2024Q4,22.02083333333333
Hobeish,2025Q1,20.979166666666668
Hobeish,2025Q2,16.739583333333332
Hobeish,2025Q3,13.09375
Hobeish,2025Q4,14.97938144329897
Hubaysh,2023Q4,27.0
Hubaysh,2024Q1,27.285714285714285
Hufash,2023Q4,21.83333333333333
Hufash,2024Q1,21.44736842105263
Hufash,2024Q2,21.42201834862385
Hufash,2024Q3,21.628865979381445
Hufash,2024Q4,23.010309278350515
Hufash,2025Q1,18.122222222222224
Hufash,2025Q2,20.92708333333333
Hufash,2025Q3,20.180851063829788
Hufash,2025Q4,18.065934065934066
Huraidhah,2023Q4,8.0
Huth,2023Q4,17.75
Huth,2024Q1,24.428571428571427
Huth,2024Q2,22.71276595744681
Huth,2024Q3,20.28125
Huth,2024Q4,21.07368421052632
Huth,2025Q1,20.086021505376344
Huth,2025Q2,14.56989247311828
Huth,2025Q3,17.677777777777777
Huth,2025Q4,15.044444444444444
Ibb,2025Q3,16.52127659574468
Ibb,2025Q4,15.822916666666666
Ibb-Cluster1,2023Q4,28.404255319148938
Ibb-Cluster1,2024Q1,19.76
Ibb-Cluster1,2024Q2,19.666666666666668
Ibb-Cluster1,2024Q3,17.556701030927837
Ibb-Cluster1,2024Q4,17.897959183673468
Ibb-Cluster1,2025Q1,17.89108910891089
Ibb-Cluster1,2025Q2,13.854166666666666
Ibb-Cluster2,2023Q4,20.45977011494253
Ibb-Cluster2,2024Q1,20.16867469879518
Ibb-Cluster2,2024Q2,17.347826086956523
Ibb-Cluster2,2024Q3,18.65979381443299
Ibb-Cluster2,2024Q4,19.95
Ibb-Cluster2,2025Q1,17.614583333333332
Ibb-Cluster2,2025Q2,15.53125
Ibb-Cluster2,2025Q3,18.7979797979798
Iyal Surayh,2023Q4,14.666666666666666
Iyal Surayh,2024Q1,34.0
Jabal Ash sharq,2023Q4,15.885245901639344
Jabal Ash sharq,2024Q1,23.558823529411764
Jabal Ash sharq,2024Q2,21.568421052631574
Jabal Ash sharq,2024Q3,21.34020618556701
Jabal Ash sharq,2024Q4,19.31
Jabal Ash sharq,2025Q1,18.877551020408163
Jabal Ash sharq,2025Q2,20.90625
Jabal Ash sharq,2025Q3,19.9468085106383
Jabal Ash sharq,2025Q4,19.967032967032967
Jabal Eyal Yazid,2024Q2,21.311827956989248
Jabal Eyal Yazid,2024Q3,21.072916666666668
Jabal Eyal Yazid,2024Q4,22.216494845360824
Jabal Eyal Yazid,2025Q1,17.70408163265306
Jabal Eyal Yazid,2025Q2,17.53125
Jabal Eyal Yazid,2025Q3,18.655913978494624
Jabal Eyal Yazid,2025Q4,19.397849462365592
Jabal Habashi,2025Q3,15.822222222222225
Jabal Habashi,2025Q4,11.944444444444445
Jabal Iyal Yazid,2023Q4,23.37037037037037
Jabal Iyal Yazid,2024Q1,22.153846153846157
Jabal Murad,2023Q4,14.906976744186046
Jabal Murad,2024Q1,23.08333333333333
Jabal Murad,2024Q2,17.066666666666666
Jabal Murad,2024Q3,16.36986301369863
Jabal Murad,2024Q4,15.821052631578947
Jabal Murad,2025Q1,13.447761194029852
Jabal Murad,2025Q2,12.38888888888889
Jabal Murad,2025Q3,10.630434782608695
Jabal Murad,2025Q4,12.377777777777778
Jabal Ras,2025Q2,17.854166666666668
Jabal Ras,2025Q3,16.61111111111111
Jabal Ras,2025Q4,16.224719101123597
Jahaf,2023Q4,18.289473684210527
Jahaf,2024Q1,25.52380952380953
Jahaf,2024Q2,19.43434343434344
Jahaf,2024Q3,16.448979591836736
Jahaf,2024Q4,19.0873786407767
Jahaf,2025Q1,14.97752808988764
Jahaf,2025Q2,14.049504950495049
Jahaf,2025Q3,13.75257731958763
Jahaf,2025Q4,16.355555555555554
Jahran,2023Q4,20.88888888888889
Jahran,2024Q1,23.76315789473684
Jahran,2024Q2,20.875
Jahran,2024Q3,24.77083333333333
Jahran,2024Q4,23.6734693877551
Jahran,2025Q1,22.635416666666668
Jahran,2025Q2,19.65625
Jahran,2025Q3,20.76923076923077
Jahran,2025Q4,19.47311827956989
Jardan,2023Q4,10.333333333333334
Jardan,2024Q1,8.666666666666666
Jardan,2024Q2,22.06451612903226
Jardan,2024Q3,17.08108108108108
Jardan,2024Q4,16.96825396825397
Jardan,2025Q1,18.240506329113924
Jardan,2025Q2,14.870967741935484
Jardan,2025Q3,15.098591549295774
Jardan,2025Q4,15.648351648351648
Jayshan,2023Q4,24.0
Jayshan,2024Q1,14.4
Jayshan,2024Q2,18.567307692307693
Jayshan,2024Q3,19.102941176470587
Jayshan,2024Q4,17.528735632183906
Jayshan,2025Q1,18.07608695652174
Jayshan,2025Q2,15.0989010989011
Jayshan,2025Q3,15.917808219178085
Jayshan,2025Q4,14.633333333333333
Jiblah,2025Q3,14.395833333333334
Jiblah,2025Q4,14.022222222222222
Jihanah,2023Q4,20.55
Jihanah,2024Q1,20.55
Jihanah,2024Q2,19.066037735849054
Jihanah,2024Q3,19.551020408163264
Jihanah,2024Q4,17.7979797979798
Jihanah,2025Q1,18.6734693877551
Jihanah,2025Q2,14.822916666666666
Jihanah,2025Q3,15.619565217391305
Jihanah,2025Q4,13.5
Juban,2023Q4,18.07792207792208
Juban,2024Q1,19.954545454545453
Juban,2024Q2,18.123809523809523
Juban,2024Q3,18.72448979591837
Juban,2024Q4,20.858585858585855
Juban,2025Q1,24.40776699029126
Juban,2025Q2,18.479166666666668
Juban,2025Q3,18.91489361702128
Juban,2025Q4,18.404255319148938
Khab wa Ash Sha'f,2024Q2,16.941176470588236
Khab wa Ash Sha'f,2024Q3,26.07692307692308
Khab wa Ash Sha'f,2024Q4,25.14130434782609
Khab wa Ash Sha'f,2025Q1,21.75824175824176
Khab wa Ash Sha'f,2025Q2,15.72222222222222
Khab wa Ash Sha'f,2025Q3,17.806451612903224
Khab wa Ash Sha'f,2025Q4,16.41111111111111
Khabb wa ash Sha'af,2023Q4,54.0
Khabb wa ash Sha'af,2024Q1,24.8
Khamir,2023Q4,27.625
Khamir,2024Q1,25.227272727272727
Khamir,2024Q2,21.303571428571427
Khamir,2024Q3,19.86458333333333
Khamir,2024Q4,24.86868686868687
Khamir,2025Q1,19.63809523809524
Khamir,2025Q2,17.854166666666668
Khamir,2025Q3,20.580645161290324
Khamir,2025Q4,21.565217391304348
Khanfar,2024Q2,17.664473684210527
Khanfar,2024Q3,19.32258064516129
Khanfar,2024Q4,19.740384615384617
Khanfar,2025Q1,19.082474226804123
Khanfar,2025Q2,16.4375
Khanfar,2025Q3,18.56
Khanfar,2025Q4,16.801980198019802
Khanfir,2023Q4,18.31578947368421
Khanfir,2024Q1,19.19298245614035
Kharab Al Marashi,2023Q4,23.04310344827586
Kharab Al Marashi,2024Q1,25.13953488372093
Kharab Al Marashi,2024Q2,26.67676767676768
Kharab Al Marashi,2024Q3,23.2
Kharab Al Marashi,2024Q4,20.621052631578948
Kharab Al Marashi,2025Q1,19.785714285714285
Kharab Al Marashi,2025Q2,17.395833333333332
Kharab Al Marashi,2025Q3,21.55208333333333
Kharab Al Marashi,2025Q4,18.377777777777776
Kharif,2023Q4,23.933333333333334
Kharif,2024Q1,15.785714285714286
Kharif,2024Q2,20.23711340206185
Kharif,2024Q3,21.34375
Kharif,2024Q4,20.65625
Kharif,2025Q1,18.63636363636364
Kharif,2025Q2,18.36458333333333
Kharif,2025Q3,16.610526315789475
Kharif,2025Q4,20.032967032967036
Khawlan,2024Q2,20.0
Khawlan,2024Q3,21.06122448979592
Khawlan,2024Q4,21.8
Khawlan,2025Q1,18.905263157894737
Khawlan,2025Q2,18.04301075268817
Khawlan,2025Q3,19.5531914893617
Khawlan,2025Q4,19.236559139784948
Khayran Al Muharraq,2023Q4,28.0
Khayran Al Muharraq,2024Q1,25.647058823529413
Khayran Al Muharraq,2024Q2,22.76595744680851
Khayran Al Muharraq,2024Q3,24.354166666666668
Khayran Al Muharraq,2024Q4,20.805825242718445
Khayran Al Muharraq,2025Q1,21.52777777777778
Khayran Al Muharraq,2025Q2,23.08510638297872
Khayran Al Muharraq,2025Q3,20.912087912087912
Khayran Al Muharraq,2025Q4,19.358695652173918
Khur Maksar,2025Q4,13.911111111111111
Khwlan,2023Q4,23.5
Khwlan,2024Q1,23.4
Kitaf wa Al Boqa',2024Q2,21.729166666666668
Kitaf wa Al Boqa',2024Q3,23.06122448979592
Kitaf wa Al Boqa',2024Q4,19.73958333333333
Kitaf wa Al Boqa',2025Q1,21.040816326530614
Kitaf wa Al Boqa',2025Q2,13.645833333333334
Kitaf wa Al Boqa',2025Q3,17.152173913043477
Kitaf wa Al Boqa',2025Q4,17.384615384615383
Kitaf wa Al Boqe'e,2023Q4,18.0
Kitaf wa Al Boqe'e,2024Q1,19.0
Kritar - Sirah,2025Q4,15.717391304347826
Ku'aydinah,2023Q4,19.210526315789476
Ku'aydinah,2024Q1,23.33333333333333
Ku'aydinah,2024Q2,21.18367346938776
Ku'aydinah,2024Q3,23.041666666666668
Ku'aydinah,2024Q4,20.397959183673468
Ku'aydinah,2025Q1,20.63809523809524
Ku'aydinah,2025Q2,17.96875
Ku'aydinah,2025Q3,19.178947368421053
Ku'aydinah,2025Q4,18.46153846153846
Kuhlan Afar,2024Q2,20.80851063829787
Kuhlan Afar,2024Q3,18.33333333333333
Kuhlan Afar,2024Q4,16.424242424242426
Kuhlan Afar,2025Q1,19.33333333333333
Kuhlan Afar,2025Q2,17.166666666666668
Kuhlan Afar,2025Q3,14.369565217391305
Kuhlan Afar,2025Q4,15.389473684210529
Kuhlan Affar,2023Q4,18.6
Kuhlan Affar,2024Q1,21.86206896551724
Kuhlan Ash Sharaf,2023Q4,31.0
Kuhlan Ash Sharaf,2024Q1,21.466666666666665
Kuhlan Ash Sharaf,2024Q2,25.17708333333333
Kuhlan Ash Sharaf,2024Q3,24.88659793814433
Kuhlan Ash Sharaf,2024Q4,24.34020618556701
Kuhlan Ash Sharaf,2025Q1,23.444444444444443
Kuhlan Ash Sharaf,2025Q2,23.125
Kuhlan Ash Sharaf,2025Q3,21.08888888888889
Kuhlan Ash Sharaf,2025Q4,20.904255319148938
Kushar,2023Q4,27.625
Kushar,2024Q1,28.605263157894736
Kushar,2024Q2,23.617886178861788
Kushar,2024Q3,25.383838383838384
Kushar,2024Q4,29.626262626262623
Kushar,2025Q1,24.045454545454547
Kushar,2025Q2,22.6875
Kushar,2025Q3,21.34375
Kushar,2025Q4,20.58695652173913
Kusmah,2023Q4,19.456521739130437
Kusmah,2024Q1,25.57971014492753
Kusmah,2024Q2,16.35185185185185
Kusmah,2024Q3,17.432989690721648
Kusmah,2024Q4,20.697916666666668
Kusmah,2025Q1,15.072916666666666
Kusmah,2025Q2,15.864583333333334
Kusmah,2025Q3,18.760416666666668
Kusmah,2025Q4,13.742268041237113
Lawdar,2023Q4,18.18439716312057
Lawdar,2024Q1,19.00793650793651
Lawdar,2024Q2,16.459016393442624
Lawdar,2024Q3,16.90909090909091
Lawdar,2024Q4,17.316326530612244
Lawdar,2025Q1,18.38823529411765
Lawdar,2025Q2,13.666666666666666
Lawdar,2025Q3,12.652173913043478
Lawdar,2025Q4,14.21111111111111
Ma'in,2025Q2,23.041666666666668
Ma'in,2025Q3,18.3265306122449
Ma'in,2025Q4,19.0
Ma'rib,2025Q2,17.583333333333332
Ma'rib,2025Q3,15.105263157894736
Ma'rib,2025Q4,11.21505376344086
Ma'rib City,2025Q2,15.114583333333334
Ma'rib City,2025Q3,14.181818181818182
Ma'rib City,2025Q4,13.418367346938776
Ma'rib-Cluster29,2023Q4,35.6
Ma'rib-Cluster29,2024Q1,23.875
Ma'rib-Cluster29,2024Q2,17.26
Ma'rib-Cluster29,2024Q3,21.46808510638298
Ma'rib-Cluster29,2024Q4,18.418181818181814
Ma'rib-Cluster29,2025Q1,17.952380952380953
Ma'rib-Cluster29,2025Q2,15.46078431372549
Ma'rib-Cluster29,2025Q3,17.433333333333334
Ma'rib-Cluster29,2025Q4,13.154545454545454
Ma'rib-Cluster30,2023Q4,20.41860465116279
Ma'rib-Cluster30,2024Q1,22.464285714285715
Ma'rib-Cluster30,2024Q2,21.890625
Ma'rib-Cluster30,2024Q3,18.341463414634145
Ma'rib-Cluster30,2024Q4,16.882978723404257
Ma'rib-Cluster30,2025Q1,15.96923076923077
Ma'rib-Cluster30,2025Q2,15.236559139784946
Ma'rib-Cluster30,2025Q3,14.68131868131868
Ma'rib-Cluster30,2025Q4,15.304347826086955
Ma'rib-Cluster31,2023Q4,22.50526315789474
Ma'rib-Cluster31,2024Q1,21.386138613861387
Ma'rib-Cluster31,2024Q2,22.0625
Ma'rib-Cluster31,2024Q3,17.18
Ma'rib-Cluster31,2024Q4,16.294736842105262
Ma'rib-Cluster31,2025Q1,17.021978021978022
Ma'rib-Cluster31,2025Q2,15.833333333333334
Ma'rib-Cluster31,2025Q3,13.17
Ma'rib-Cluster31,2025Q4,13.677777777777775
Ma'rib-Cluster32,2023Q4,18.211822660098523
Ma'rib-Cluster32,2024Q1,19.64853556485356
Ma'rib-Cluster32,2024Q2,18.06040268456376
Ma'rib-Cluster32,2024Q3,20.35828877005348
Ma'rib-Cluster32,2024Q4,18.43455497382199
Ma'rib-Cluster32,2025Q1,19.39655172413793
Mabyan,2023Q4,17.666666666666668
Mabyan,2024Q1,24.88888888888889
Mabyan,2024Q2,21.73404255319149
Mabyan,2024Q3,22.939393939393938
Mabyan,2024Q4,20.474747474747478
Mabyan,2025Q1,18.643564356435643
Mabyan,2025Q2,16.322916666666668
Mabyan,2025Q3,17.41111111111111
Mabyan,2025Q4,15.608695652173912
Maghirib Ans,2023Q4,26.44117647058824
Maghirib Ans,2024Q1,25.52830188679245
Maghrib Ans,2024Q2,23.49
Maghrib Ans,2024Q3,20.93577981651376
Maghrib Ans,2024Q4,22.46067415730337
Maghrib Ans,2025Q1,20.988235294117647
Maghrib Ans,2025Q2,21.59375
Maghrib Ans,2025Q3,21.567010309278352
Maghrib Ans,2025Q4,15.846153846153848
Majz,2023Q4,17.057142857142857
Majz,2024Q1,19.0
Majz,2024Q2,22.78048780487805
Majz,2024Q3,20.7979797979798
Majz,2024Q4,18.98958333333333
Majz,2025Q1,17.46938775510204
Majz,2025Q2,17.247311827956988
Majz,2025Q3,18.72448979591837
Majz,2025Q4,15.87912087912088
Manakhah,2025Q3,18.855670103092784
Manakhah,2025Q4,19.73333333333333
Maqbanah,2023Q4,18.389830508474574
Maqbanah,2024Q1,20.55263157894737
Maqbanah,2024Q2,22.11504424778761
Maqbanah,2024Q3,21.47872340425532
Maqbanah,2024Q4,21.54255319148936
Maqbanah,2025Q1,20.23333333333333
Maqbanah,2025Q2,16.40625
Maqbanah,2025Q3,20.63736263736264
Maqbanah,2025Q4,20.70967741935484
Markhah Al Olya,2024Q2,19.61855670103093
Markhah Al Olya,2024Q3,19.03125
Markhah Al Olya,2024Q4,19.5
Markhah Al Olya,2025Q1,22.48351648351648
Markhah Al Olya,2025Q2,16.102040816326532
Markhah Al Olya,2025Q3,16.628865979381445
Markhah Al Olya,2025Q4,18.329787234042552
Markhah As Sufla,2024Q2,17.419354838709676
Markhah As Sufla,2024Q3,19.757894736842104
Markhah As Sufla,2024Q4,20.476190476190474
Markhah As Sufla,2025Q1,20.168539325842698
Markhah As Sufla,2025Q2,15.580645161290322
Markhah As Sufla,2025Q3,15.675324675324676
Markhah As Sufla,2025Q4,19.08695652173913
Mashr'ah Wa Hadnan,2025Q4,14.315217391304348
Maswar,2023Q4,23.352941176470587
Maswar,2024Q1,31.6
Maswar,2024Q2,27.51685393258427
Maswar,2024Q3,23.192307692307693
Maswar,2024Q4,19.848837209302324
Maswar,2025Q1,16.226190476190474
Maswar,2025Q2,16.08421052631579
Maswar,2025Q3,17.155555555555555
Maswar,2025Q4,12.9010989010989
Mawiyah,2023Q4,23.17391304347826
Mawiyah,2024Q1,19.0625
Mawiyah,2024Q2,23.17
Mawiyah,2024Q3,23.18556701030928
Mawiyah,2024Q4,23.89690721649485
Mawiyah,2025Q1,17.867346938775512
Mawiyah,2025Q2,15.778947368421052
Mawiyah,2025Q3,15.065934065934066
Mawiyah,2025Q4,18.858695652173918
Mayfa'a,2023Q4,10.5
Mayfa'a,2024Q1,18.916666666666668
Mayfa'ah,2024Q2,20.17708333333333
Mayfa'ah,2024Q3,22.802197802197803
Mayfa'ah,2024Q4,19.848484848484848
Mayfa'ah,2025Q1,18.12087912087912
Mayfa'ah,2025Q2,15.53125
Mayfa'ah,2025Q3,15.35897435897436
Mayfa'ah,2025Q4,12.055555555555555
Mayfa'at Ans,2025Q3,17.978021978021978
Mayfa'at Ans,2025Q4,16.07608695652174
Mazhar,2023Q4,22.694117647058825
Mazhar,2024Q1,20.206666666666667
Mazhar,2024Q2,22.75
Mazhar,2024Q3,20.791666666666668
Mazhar,2024Q4,18.322916666666668
Mazhar,2025Q1,17.947916666666668
Mazhar,2025Q2,14.864583333333334
Mazhar,2025Q3,15.666666666666666
Mazhar,2025Q4,16.141304347826086
Melhan,2024Q2,18.67796610169492
Melhan,2024Q3,20.47959183673469
Melhan,2024Q4,21.646464646464647
Melhan,2025Q1,17.727272727272727
Melhan,2025Q2,15.708333333333334
Melhan,2025Q3,20.32608695652174
Melhan,2025Q4,18.64516129032258
Merkhah Al Ulya,2023Q4,24.23809523809524
Merkhah Al Ulya,2024Q1,25.91304347826087
Merkhah As Sufla,2023Q4,22.271186440677965
Merkhah As Sufla,2024Q1,20.203125
Milhan,2023Q4,20.34375
Milhan,2024Q1,23.79310344827586
Monabbih,2023Q4,18.55555555555556
Monabbih,2024Q1,22.944444444444443
Monabbih,2024Q2,23.736263736263737
Monabbih,2024Q3,21.010416666666668
Monabbih,2024Q4,20.9375
Monabbih,2025Q1,25.029411764705884
Monabbih,2025Q2,16.076923076923077
Monabbih,2025Q3,19.76923076923077
Monabbih,2025Q4,25.867924528301888
Mudhaykhirah,2023Q4,21.55555555555556
Mudhaykhirah,2024Q1,24.73684210526316
Mudhaykhirah,2024Q2,20.03125
Mudhaykhirah,2024Q3,19.34285714285714
Mudhaykhirah,2024Q4,20.030927835051543
Mudhaykhirah,2025Q1,15.05
Mudhaykhirah,2025Q2,13.322916666666666
Mudhaykhirah,2025Q3,12.64516129032258
Mudhaykhirah,2025Q4,15.153846153846152
Mudiyah,2023Q4,15.305882352941175
Mudiyah,2024Q1,16.126582278481013
Mudiyah,2024Q2,16.714285714285715
Mudiyah,2024Q3,16.352941176470587
Mudiyah,2024Q4,16.75
Mudiyah,2025Q1,15.606382978723405
Mudiyah,2025Q2,16.0
Mudiyah,2025Q3,17.34065934065934
Mudiyah,2025Q4,13.88888888888889
Mukayras,2023Q4,20.9
Mukayras,2024Q1,12.272727272727272
Mukayras,2024Q2,18.466019417475728
Mukayras,2024Q3,15.918367346938776
Mukayras,2024Q4,18.27956989247312
Mukayras,2025Q1,15.10204081632653
Mukayras,2025Q2,10.21505376344086
Mukayras,2025Q3,17.133333333333333
Mukayras,2025Q4,14.2
Mustaba,2023Q4,25.09090909090909
Mustaba,2024Q1,26.5
Mustaba,2024Q2,23.646464646464647
Mustaba,2024Q3,23.019801980198014
Mustaba,2024Q4,22.011627906976745
Mustaba,2025Q1,24.373493975903614
Mustaba,2025Q2,19.8125
Mustaba,2025Q3,19.80434782608696
Mustaba,2025Q4,18.488888888888887
Najrah,2023Q4,25.352941176470587
Najrah,2024Q1,29.7843137254902
Najrah,2024Q2,23.510416666666668
Najrah,2024Q3,23.495049504950494
Najrah,2024Q4,21.1340206185567
Najrah,2025Q1,17.2680412371134
Najrah,2025Q2,19.67708333333333
Najrah,2025Q3,17.835164835164836
Najrah,2025Q4,19.75
Nihm,2025Q4,21.18840579710145
Nisab,2023Q4,21.504065040650406
Nisab,2024Q1,20.831460674157302
Nisab,2024Q2,20.61855670103093
Nisab,2024Q3,18.785714285714285
Nisab,2024Q4,20.272727272727277
Nisab,2025Q1,21.766666666666666
Nisab,2025Q2,17.197916666666668
Nisab,2025Q3,17.75
Nisab,2025Q4,18.83516483516484
Old City,2025Q2,17.96875
Old City,2025Q3,17.47826086956522
Old City,2025Q4,14.731182795698924
Osaylan,2024Q2,19.8019801980198
Osaylan,2024Q3,21.371134020618555
Osaylan,2024Q4,18.166666666666668
Osaylan,2025Q1,23.425531914893615
Osaylan,2025Q2,15.59375
Osaylan,2025Q3,14.70408163265306
Osaylan,2025Q4,18.053763440860216
Otmah,2024Q2,20.67
Otmah,2024Q3,20.195876288659797
Otmah,2024Q4,20.193877551020407
Otmah,2025Q1,19.44
Otmah,2025Q2,24.28125
Otmah,2025Q3,19.309278350515463
Otmah,2025Q4,17.393617021276597
Qa'atabah,2023Q4,20.76
Qa'atabah,2024Q1,19.798076923076923
Qa'tabah,2024Q2,21.114035087719294
Qa'tabah,2024Q3,20.2054794520548
Qa'tabah,2024Q4,19.11111111111111
Qa'tabah,2025Q1,20.11111111111111
Qa'tabah,2025Q2,15.45
Qa'tabah,2025Q3,20.655555555555555
Qa'tabah,2025Q4,18.70967741935484
Qafl Shamer,2023Q4,29.181818181818183
Qafl Shamer,2024Q1,30.307692307692307
Qafl Shammar,2024Q2,25.317307692307693
Qafl Shammar,2024Q3,25.90721649484536
Qafl Shammar,2024Q4,24.65625
Qafl Shammar,2025Q1,20.64583333333333
Qafl Shammar,2025Q2,25.03125
Qafl Shammar,2025Q3,24.670103092783503
Qafl Shammar,2025Q4,19.81914893617021
Qaflat Odhar,2024Q2,22.73404255319149
Qaflat Odhar,2024Q3,22.7843137254902
Qaflat Odhar,2024Q4,21.18840579710145
Qaflat Odhar,2025Q1,22.126582278481013
Qaflat Odhar,2025Q2,18.36458333333333
Qaflat Odhar,2025Q3,19.822222222222223
Qaflat Odhar,2025Q4,19.61111111111111
Qarah,2023Q4,20.0
Qarah,2024Q1,30.0
Qarah,2024Q2,19.3125
Qarah,2024Q3,23.26506024096385
Qarah,2024Q4,22.65277777777778
Qarah,2025Q1,20.53164556962025
Qarah,2025Q2,18.822916666666668
Qarah,2025Q3,19.2
Qarah,2025Q4,16.511111111111113
Qatabir,2023Q4,18.058823529411764
Qatabir,2024Q1,17.09090909090909
Qatabir,2024Q2,19.70212765957447
Qatabir,2024Q3,18.032967032967036
Qatabir,2024Q4,19.17
Qatabir,2025Q1,13.646464646464649
Qatabir,2025Q2,13.166666666666666
Qatabir,2025Q3,17.42222222222222
Qatabir,2025Q4,22.50980392156863
Rada',2025Q3,21.693877551020407
Rada',2025Q4,17.8659793814433
Radfan,2023Q4,18.10958904109589
Radfan,2024Q1,18.553846153846155
Radfan,2024Q2,15.929292929292927
Radfan,2024Q3,19.43
Radfan,2024Q4,21.8125
Radfan,2025Q1,16.755555555555556
Radfan,2025Q2,17.051546391752577
Radfan,2025Q3,18.19148936170213
Radfan,2025Q4,15.526881720430108
Radman,2024Q2,21.517241379310345
Radman,2024Q3,21.369565217391305
Radman,2024Q4,23.05194805194805
Radman,2025Q1,20.246913580246915
Radman,2025Q2,18.166666666666668
Radman,2025Q3,23.88888888888889
Radman,2025Q4,17.17391304347826
Radman Al Awad,2023Q4,19.88888888888889
Radman Al Awad,2024Q1,19.666666666666668
Radum,2024Q2,19.07692307692308
Radum,2024Q3,19.322916666666668
Radum,2024Q4,16.22
Radum,2025Q1,15.695652173913045
Radum,2025Q2,16.175824175824175
Radum,2025Q3,17.155555555555555
Radum,2025Q4,13.868131868131869
Rajuzah,2023Q4,21.933333333333334
Rajuzah,2024Q1,25.571428571428573
Rajuzah,2024Q2,22.7319587628866
Rajuzah,2024Q3,25.32258064516129
Rajuzah,2024Q4,23.432098765432094
Rajuzah,2025Q1,17.522222222222222
Rajuzah,2025Q2,17.358695652173914
Rajuzah,2025Q3,20.422680412371133
Rajuzah,2025Q4,20.35593220338983
Rakhyah,2025Q4,9.178947368421053
Rasad,2023Q4,13.294871794871796
Rasad,2024Q1,13.52777777777778
Rassd,2024Q2,12.496
Rassd,2024Q3,14.21505376344086
Rassd,2024Q4,17.36082474226804
Rassd,2025Q1,17.447916666666668
Rassd,2025Q2,14.802083333333334
Rassd,2025Q3,14.619565217391305
Rassd,2025Q4,10.433333333333334
Raydah,2023Q4,20.166666666666668
Raydah,2024Q1,22.105263157894736
Raydah,2024Q2,22.232558139534884
Raydah,2024Q3,19.1875
Raydah,2024Q4,22.353535353535356
Raydah,2025Q1,19.980198019801986
Raydah,2025Q2,20.135416666666668
Raydah,2025Q3,17.052083333333332
Raydah,2025Q4,17.681318681318682
Rudum,2024Q1,11.0
Sa'adah,2023Q4,20.933333333333334
Sa'adah,2024Q1,25.660714285714285
Sa'dah,2024Q2,24.01020408163265
Sa'dah,2024Q3,19.350515463917525
Sa'dah,2024Q4,22.776699029126213
Sa'dah,2025Q1,20.635416666666668
Sa'dah,2025Q2,17.916666666666668
Sa'dah,2025Q3,17.634408602150536
Sa'dah,2025Q4,19.557894736842105
Sa'dah-Cluster24,2023Q4,22.334841628959275
Sa'dah-Cluster24,2024Q1,26.73469387755102
Sa'dah-Cluster24,2024Q2,20.144144144144143
Sa'dah-Cluster24,2024Q3,22.96875
Sa'dah-Cluster24,2024Q4,18.33980582524272
Sa'dah-Cluster24,2025Q1,17.144329896907216
Sa'dah-Cluster24,2025Q2,16.714285714285715
Sa'dah-Cluster24,2025Q3,16.714285714285715
Sa'dah-Cluster24,2025Q4,17.302083333333332
Sa'fan,2023Q4,39.5
Sa'fan,2024Q1,14.352941176470589
Sa'fan,2024Q2,20.306306306306308
Sa'fan,2024Q3,19.27083333333333
Sa'fan,2024Q4,20.903846153846157
Sa'fan,2025Q1,18.18556701030928
Sa'fan,2025Q2,18.172043010752688
Sa'fan,2025Q3,16.93548387096774
Sa'fan,2025Q4,17.788888888888888
Sabah,2023Q4,20.6
Sabah,2024Q1,24.71153846153846
Sabah,2024Q2,21.26530612244898
Sabah,2024Q3,20.29292929292929
Sabah,2024Q4,20.848484848484848
Sabah,2025Q1,18.628865979381445
Sabah,2025Q2,17.440860215053764
Sabah,2025Q3,16.892473118279568
Sabah,2025Q4,15.402173913043478
Sabir Al Mawadim,2025Q4,15.274725274725276
Sah,2023Q4,4.0
Sah,2024Q1,26.0
Sah,2024Q2,17.56989247311828
Sah,2024Q3,16.474747474747474
Sah,2024Q4,14.295454545454543
Sah,2025Q1,13.9010989010989
Sah,2025Q2,13.094117647058823
Sah,2025Q3,11.81578947368421
Sah,2025Q4,12.967032967032967
Sahar,2023Q4,19.60655737704918
Sahar,2024Q1,21.80808080808081
Sahar,2024Q2,20.232323232323232
Sahar,2024Q3,21.632653061224488
Sahar,2024Q4,18.56
Sahar,2025Q1,18.29
Sahar,2025Q2,16.90625
Sahar,2025Q3,17.897959183673468
Sahar,2025Q4,15.589473684210526
Salah,2024Q2,20.323809523809523
Salah,2024Q3,25.16842105263158
Salah,2024Q4,22.655172413793103
Salah,2025Q1,24.904255319148938
Salah,2025Q2,19.90322580645161
Salah,2025Q3,18.55555555555556
Salah,2025Q4,20.18279569892473
Salh,2023Q4,23.710526315789476
Salh,2024Q1,17.256756756756758
Sama,2023Q4,9.0
Sama,2024Q1,10.666666666666666
Sami',2024Q2,20.859375
Sami',2024Q3,20.82758620689655
Sami',2024Q4,15.408163265306122
Sami',2025Q1,16.114583333333332
Sami',2025Q2,15.802083333333334
Sami',2025Q3,18.2
Sami',2025Q4,17.966666666666665
Sana'a City-Cluster4,2023Q4,22.441048034934497
Sana'a City-Cluster4,2024Q1,23.42436974789916
Sana'a City-Cluster4,2024Q2,20.485714285714284
Sana'a City-Cluster4,2024Q3,21.27083333333333
Sana'a City-Cluster4,2024Q4,20.861386138613863
Sana'a City-Cluster4,2025Q1,21.466019417475728
Sana'a City-Cluster5,2023Q4,24.73076923076923
Sana'a City-Cluster5,2024Q1,19.77027027027027
Sana'a City-Cluster5,2024Q2,19.243589743589745
Sana'a City-Cluster5,2024Q3,22.541666666666668
Sana'a City-Cluster5,2024Q4,20.73469387755102
Sana'a City-Cluster5,2025Q1,21.55208333333333
Sana'a-Cluster25,2023Q4,21.48051948051948
Sana'a-Cluster25,2024Q1,22.4
Sana'a-Cluster25,2024Q2,20.795180722891565
Sana'a-Cluster25,2024Q3,21.216494845360824
Sana'a-Cluster25,2024Q4,21.27722772277228
Sana'a-Cluster25,2025Q1,20.7843137254902
Sana'a-Cluster25,2025Q2,18.979166666666668
Sana'a-Cluster25,2025Q3,18.454545454545453
Sana'a-Cluster26,2023Q4,21.21698113207547
Sana'a-Cluster26,2024Q1,22.38888888888889
Sana'a-Cluster26,2024Q2,21.036585365853657
Sana'a-Cluster26,2024Q3,24.45360824742268
Sana'a-Cluster26,2024Q4,23.70408163265306
Sana'a-Cluster26,2025Q1,21.397959183673468
Sana'a-Cluster26,2025Q2,21.6875
Sana'a-Cluster26,2025Q3,18.150537634408604
Sana'a-Cluster27,2023Q4,22.761904761904763
Sana'a-Cluster27,2024Q1,19.916030534351144
Sana'a-Cluster27,2024Q2,20.17948717948718
Sana'a-Cluster27,2024Q3,21.367346938775512
Sana'a-Cluster27,2024Q4,19.362745098039216
Sana'a-Cluster27,2025Q1,23.887755102040817
Sana'a-Cluster27,2025Q2,19.8659793814433
Sanhan wa Bani Bahlul,2025Q4,20.172043010752688
Saqayn,2023Q4,25.966666666666665
Saqayn,2024Q1,23.545454545454547
Saqin,2024Q2,22.757894736842104
Saqin,2024Q3,23.649484536082475
Saqin,2024Q4,18.73469387755102
Saqin,2025Q1,21.25
Saqin,2025Q2,15.875
Saqin,2025Q3,15.38888888888889
Saqin,2025Q4,24.244444444444444
Sarar,2023Q4,14.882352941176473
Sarar,2024Q1,13.647058823529411
Sarar,2024Q2,17.53125
Sarar,2024Q3,15.0125
Sarar,2024Q4,14.551282051282053
Sarar,2025Q1,14.246575342465754
Sarar,2025Q2,13.816091954022989
Sarar,2025Q3,12.52
Sarar,2025Q4,10.033333333333331
Sayhut,2023Q4,22.9
Sayhut,2024Q1,16.273809523809526
Sayhut,2024Q2,15.658333333333331
Sayhut,2024Q3,15.808
Sayhut,2024Q4,14.758620689655173
Sayhut,2025Q1,13.333333333333334
Sayhut,2025Q2,13.658119658119658
Sayhut,2025Q3,12.794642857142858
Sayhut,2025Q4,11.905263157894735
Sayun,2023Q4,16.981366459627328
Sayun,2024Q1,19.806451612903224
Sayun,2024Q2,16.81
Sayun,2024Q3,17.41860465116279
Sayun,2024Q4,19.34523809523809
Sayun,2025Q1,16.520833333333332
Sayun,2025Q2,13.822916666666666
Sayun,2025Q3,11.48913043478261
Sayun,2025Q4,14.395833333333334
Shabwah-Cluster23,2023Q4,0.0
Shabwah-Cluster23,2024Q1,5.0
Shabwah-Cluster23,2024Q2,19.727272727272727
Shabwah-Cluster23,2024Q3,18.09090909090909
Shabwah-Cluster23,2024Q4,18.24324324324324
Shabwah-Cluster23,2025Q1,19.64444444444445
Shabwah-Cluster23,2025Q2,15.928571428571429
Shabwah-Cluster23,2025Q3,14.989010989010987
Shaharah,2023Q4,27.571428571428573
Shaharah,2024Q1,22.8
Shaharah,2024Q2,19.722772277227723
Shaharah,2024Q3,20.0
Shaharah,2024Q4,19.697916666666668
Shaharah,2025Q1,18.59
Shaharah,2025Q2,15.854166666666666
Shaharah,2025Q3,20.37894736842105
Shaharah,2025Q4,15.96808510638298
Shar'ab Ar Rawnah,2024Q2,21.675925925925927
Shar'ab Ar Rawnah,2024Q3,19.670103092783503
Shar'ab Ar Rawnah,2024Q4,18.53608247422681
Shar'ab Ar Rawnah,2025Q1,19.53921568627451
Shar'ab Ar Rawnah,2025Q2,18.010416666666668
Shar'ab Ar Rawnah,2025Q3,17.670212765957448
Shar'ab Ar Rawnah,2025Q4,17.736263736263737
Shar'ab As Salam,2024Q2,18.314814814814813
Shar'ab As Salam,2024Q3,19.82474226804124
Shar'ab As Salam,2024Q4,19.466019417475728
Shar'ab As Salam,2025Q1,23.03125
Shar'ab As Salam,2025Q2,19.64583333333333
Shar'ab As Salam,2025Q3,19.195652173913043
Shar'ab As Salam,2025Q4,16.791666666666668
Shara'b Ar Rawnah,2023Q4,21.06451612903226
Shara'b Ar Rawnah,2024Q1,17.20689655172414
Shara'b As Salam,2023Q4,20.71153846153846
Shara'b As Salam,2024Q1,19.33333333333333
Sharas,2023Q4,20.0
Sharas,2024Q1,25.451612903225808
Sharas,2024Q2,19.782608695652176
Sharas,2024Q3,23.258064516129032
Sharas,2024Q4,23.354166666666668
Sharas,2025Q1,20.50537634408602
Sharas,2025Q2,19.47311827956989
Sharas,2025Q3,18.53191489361702
Sharas,2025Q4,15.274725274725276
Shibam,2023Q4,19.0
Shibam,2024Q1,18.0
Shibam,2024Q2,16.358695652173914
Shibam,2024Q3,15.65625
Shibam,2024Q4,14.333333333333334
Shibam,2025Q1,16.56382978723404
Shibam,2025Q2,14.797872340425531
Shibam,2025Q3,14.233333333333333
Shibam,2025Q4,13.0
Shibam Kawkaban,2023Q4,16.176470588235293
Shibam Kawkaban,2024Q1,27.103448275862068
Shibam Kawkaban,2024Q2,20.46788990825688
Shibam Kawkaban,2024Q3,20.875
Shibam Kawkaban,2024Q4,21.666666666666668
Shibam Kawkaban,2025Q1,17.393939393939394
Shibam Kawkaban,2025Q2,18.06451612903226
Shibam Kawkaban,2025Q3,19.881720430107528
Shibam Kawkaban,2025Q4,15.43956043956044
Shu'ub,2025Q2,21.05208333333333
Shu'ub,2025Q3,19.18556701030928
Shu'ub,2025Q4,16.318681318681318
Sibah,2023Q4,23.5
Sibah,2024Q2,22.574468085106385
Sibah,2024Q3,16.17948717948718
Sibah,2024Q4,18.102564102564106
Sibah,2025Q1,19.013513513513512
Sibah,2025Q2,12.82857142857143
Sibah,2025Q3,15.84722222222222
Sibah,2025Q4,13.483870967741936
Socotra-Cluster36,2024Q2,15.153846153846152
Socotra-Cluster36,2024Q3,16.783333333333335
Socotra-Cluster36,2024Q4,10.24390243902439
Socotra-Cluster36,2025Q1,16.38888888888889
Socotra-Cluster36,2025Q2,14.260416666666666
Socotra-Cluster36,2025Q3,11.974025974025974
Socotra-Cluster36,2025Q4,5.053191489361702
Suwayr,2023Q4,21.166666666666668
Suwayr,2024Q1,19.285714285714285
Suwayr,2024Q2,23.380281690140844
Suwayr,2024Q3,24.975
Suwayr,2024Q4,20.554054054054053
Suwayr,2025Q1,19.761904761904763
Suwayr,2025Q2,15.170212765957446
Suwayr,2025Q3,17.688172043010752
Suwayr,2025Q4,15.074468085106384
Ta'iz-Cluster10,2024Q1,32.0
Ta'iz-Cluster10,2024Q2,21.177419354838708
Ta'iz-Cluster10,2024Q3,21.37704918032787
Ta'iz-Cluster10,2024Q4,16.66
Ta'iz-Cluster10,2025Q1,19.736263736263737
Ta'iz-Cluster10,2025Q2,16.13978494623656
Ta'iz-Cluster10,2025Q3,16.40625
Ta'iz-Cluster10,2025Q4,12.129411764705882
Ta'iz-Cluster11,2023Q4,16.634920634920636
Ta'iz-Cluster11,2024Q1,15.82258064516129
Ta'iz-Cluster11,2024Q2,20.631067961165048
Ta'iz-Cluster11,2024Q3,17.350515463917525
Ta'iz-Cluster11,2024Q4,18.113636363636363
Ta'iz-Cluster11,2025Q1,16.61111111111111
Ta'iz-Cluster11,2025Q2,19.58333333333333
Ta'iz-Cluster12,2023Q4,16.25
Ta'iz-Cluster12,2024Q1,20.55555555555556
Ta'iz-Cluster12,2024Q2,20.41414141414141
Ta'iz-Cluster12,2024Q3,20.022222222222226
Ta'iz-Cluster12,2024Q4,22.11764705882353
Ta'iz-Cluster12,2025Q1,17.677777777777777
Ta'iz-Cluster12,2025Q2,18.0625
Ta'iz-Cluster12,2025Q3,19.026315789473685
Ta'iz-Cluster13,2023Q4,18.126984126984127
Ta'iz-Cluster13,2024Q1,18.04878048780488
Ta'iz-Cluster13,2024Q2,20.701030927835053
Ta'iz-Cluster13,2024Q3,22.14457831325301
Ta'iz-Cluster13,2024Q4,19.194174757281555
Ta'iz-Cluster13,2025Q1,19.31578947368421
Ta'iz-Cluster9,2023Q4,10.0
Ta'iz-Cluster9,2024Q1,15.0
Ta'iz-Cluster9,2024Q2,18.105263157894736
Ta'iz-Cluster9,2024Q3,20.157894736842103
Ta'iz-Cluster9,2024Q4,17.5
Ta'iz-Cluster9,2025Q1,17.817204301075268
Ta'iz-Cluster9,2025Q2,16.666666666666668
Ta'iz-Cluster9,2025Q3,14.828282828282829
Thula,2023Q4,16.227272727272727
Thula,2024Q1,13.909090909090908
Thula,2024Q2,18.42105263157895
Thula,2024Q3,18.54639175257732
Thula,2024Q4,18.051546391752577
Thula,2025Q1,16.31
Thula,2025Q2,13.483870967741936
Thula,2025Q3,15.434782608695652
Thula,2025Q4,13.451612903225806
Tuban,2023Q4,18.142857142857142
Tuban,2024Q1,15.5
Tuban,2024Q2,15.784313725490197
Tuban,2024Q3,20.38144329896907
Tuban,2024Q4,22.154545454545456
Tuban,2025Q1,20.831683168316832
Tuban,2025Q2,17.395833333333332
Tuban,2025Q3,18.193877551020407
Tuban,2025Q4,16.51
Tur Al Bahah,2023Q4,18.72
Tur Al Bahah,2024Q1,21.1
Tur Al Bahah,2024Q2,16.92156862745098
Tur Al Bahah,2024Q3,18.95876288659794
Tur Al Bahah,2024Q4,17.365853658536587
Tur Al Bahah,2025Q1,18.5
Tur Al Bahah,2025Q2,15.40625
Tur Al Bahah,2025Q3,16.252525252525253
Tur Al Bahah,2025Q4,15.891304347826088
Usaylan,2023Q4,24.454545454545453
Usaylan,2024Q1,32.166666666666664
Utmah,2023Q4,23.542857142857144
Utmah,2024Q1,22.431818181818183
Wadhrah,2023Q4,36.4
Wadhrah,2024Q1,30.857142857142858
Wadi Al Ayn,2023Q4,15.0
Wadi Al Ayn,2024Q1,15.2
Wadi Al Ayn,2024Q2,14.78021978021978
Wadi Al Ayn,2024Q3,14.5
Wadi Al Ayn,2024Q4,14.357894736842104
Wadi Al Ayn,2025Q1,15.25
Wadi Al Ayn,2025Q2,14.445652173913045
Wadi Al Ayn,2025Q3,12.967032967032967
Wadi Al Ayn,2025Q4,10.677777777777775
Wadrah,2024Q2,23.288659793814432
Wadrah,2024Q3,24.93548387096774
Wadrah,2024Q4,19.18947368421053
Wadrah,2025Q1,21.70212765957447
Wadrah,2025Q2,19.666666666666668
Wadrah,2025Q3,20.25274725274725
Wadrah,2025Q4,19.827956989247312
Wald Rabi',2023Q4,18.666666666666668
Wald Rabi',2024Q1,19.80952380952381
Wald Rabi',2024Q2,19.84536082474227
Wald Rabi',2024Q3,19.04301075268817
Wald Rabi',2024Q4,16.840425531914892
Wald Rabi',2025Q1,13.147368421052631
Wald Rabi',2025Q2,17.06451612903226
Wald Rabi',2025Q3,20.97826086956522
Wald Rabi',2025Q4,14.085106382978724
Washhah,2023Q4,16.4
Washhah,2024Q1,33.44444444444444
Washhah,2024Q2,24.55555555555556
Washhah,2024Q3,22.32673267326733
Washhah,2024Q4,23.729411764705883
Washhah,2025Q1,21.454545454545453
Washhah,2025Q2,20.885416666666668
Washhah,2025Q3,16.626666666666665
Washhah,2025Q4,14.076923076923077
Wusab Al Aali,2024Q2,22.00900900900901
Wusab Al Aali,2024Q3,20.77319587628866
Wusab Al Aali,2024Q4,19.77777777777778
Wusab Al Aali,2025Q1,19.164948453608247
Wusab Al Aali,2025Q2,15.739583333333334
Wusab Al Aali,2025Q3,16.065217391304348
Wusab Al Aali,2025Q4,16.23404255319149
Wusab Al Ali,2023Q4,23.404255319148938
Wusab Al Ali,2024Q1,22.285714285714285
Wusab As Safil,2023Q4,18.23809523809524
Wusab As Safil,2024Q1,20.0
Wusab As Safil,2024Q2,18.57851239669421
Wusab As Safil,2024Q3,19.072916666666668
Wusab As Safil,2024Q4,13.74
Wusab As Safil,2025Q1,15.03
Wusab As Safil,2025Q2,14.802083333333334
Wusab As Safil,2025Q3,13.46875
Wusab As Safil,2025Q4,16.41111111111111
Yab'uth,2024Q2,15.397849462365592
Yab'uth,2024Q3,14.847826086956522
Yab'uth,2024Q4,13.060975609756095
Yab'uth,2025Q1,12.252747252747254
Yab'uth,2025Q2,15.03448275862069
Yab'uth,2025Q3,14.30379746835443
Yab'uth,2025Q4,12.26595744680851
Yabuth,2023Q4,19.727272727272727
Yabuth,2024Q1,20.42105263157895
Yafa'a,2023Q4,17.548387096774192
Yafa'a,2024Q1,17.142857142857142
Yafi',2024Q2,16.178947368421053
Yafi',2024Q3,18.3960396039604
Yafi',2024Q4,17.838383838383837
Yafi',2025Q1,19.59
Yafi',2025Q2,17.020833333333332
Yafi',2025Q3,16.847826086956523
Yafi',2025Q4,13.877777777777778
Yahr,2023Q4,19.285714285714285
Yahr,2024Q1,18.5
Yahr,2024Q2,15.717391304347826
Yahr,2024Q3,21.080645161290324
Yahr,2024Q4,19.866666666666667
Yahr,2025Q1,16.630434782608695
Yahr,2025Q2,16.526881720430108
Yahr,2025Q3,15.263736263736265
Yahr,2025Q4,16.967391304347824
Yarim,2023Q4,24.771604938271604
Yarim,2024Q1,22.77868852459016
Yarim,2024Q2,20.58904109589041
Yarim,2024Q3,19.628865979381445
Yarim,2024Q4,21.63917525773196
Yarim,2025Q1,23.32673267326733
Yarim,2025Q2,18.041666666666668
Yarim,2025Q3,16.8125
Yarim,2025Q4,13.526881720430108
Zabid,2023Q4,15.846153846153848
Zabid,2024Q1,21.365384615384617
Zabid,2024Q2,22.36082474226804
Zabid,2024Q3,19.854166666666668
Zabid,2024Q4,19.11764705882353
Zabid,2025Q1,18.103092783505154
Zabid,2025Q2,17.364583333333332
Zabid,2025Q3,17.5
Zabid,2025Q4,17.604395604395606
Zingibar,2023Q4,19.072289156626507
Zingibar,2024Q1,19.55905511811024
Zinjibar,2024Q2,20.38095238095238
Zinjibar,2024Q3,20.34090909090909
Zinjibar,2024Q4,20.31578947368421
Zinjibar,2025Q1,19.98901098901099
Zinjibar,2025Q2,19.9468085106383
Zinjibar,2025Q3,15.797752808988765
Zinjibar,2025Q4,16.021052631578947
